District,State,Total Population,Total Asian Alone,Asian Indian,Bangladeshi,Bhutanese,Burmese,Cambodian,Chinese except Taiwanese,Filipino,Hmong,Indonesian,Japanese,Korean,Laotian,Malaysian,Mongolian,Nepalese,Okinawan,Other Asian not specified,Other Asian specified,Pakistani,Sri Lankan,Taiwanese,Thai,Two or more Asian,Vietnamese
Delegate District (at Large),District of Columbia,672391,25558,24.22,,,,,26,11.84,,,5.03,10.93,,,,,,,,,,,,,7.83
District (at Large),Alaska,738565,45604,,,,,,4.54,56.69,8.73,,3.35,10.63,,,,,,,,,,,,,
District (at Large),Delaware,943732,36553,42.28,,,,,23.78,10.9,,,,6.48,,,,,,,,,,,,,
District (at Large),Montana,1029862,7448,,,,,,23.47,21.63,,,,17.59,,,,,,,,,,,,,
District (at Large),North Dakota,745475,10197,,,,,,,21.62,,,,,,,,,,,,,,,,,
District (at Large),South Dakota,855444,11693,,,,18.4,,15.83,11.46,,,,9.27,,,,,,,,,,,,,
District (at Large),Vermont,624636,9680,16.94,,,,,25.43,,,,,,,,,,,,,,,,,,
District (at Large),Wyoming,583200,5102,,,,,,,28.66,,,,,,,,,,,,,,,,,
District 1,Alabama,702730,9981,,,,,,,,,,,,,,,,,,,,,,,,27.32
District 1,Arizona,741377,11912,11.4,,,,,20.15,22.47,,,,,,,,,,,,,,,,,
District 1,Arkansas,723743,3575,,,,,,,,,,,,,,,,,,,,,,,,
District 1,California,704958,19518,,,,,,14.4,14.22,27.41,,5.72,,,,,,,,,,,,,,
District 1,Colorado,802167,27543,12.29,,,,,19.12,6.87,,,6.16,8.31,,,,,,,,,,,,,24.51
District 1,Connecticut,715329,35877,46.11,,,,,14.11,5.3,,,,5.72,,,,,,,,,,,,,9.94
District 1,Florida,748579,18873,,,,,,9.3,32.9,,,6.57,11.65,,,,,,,,,,,,,20.34
District 1,Georgia,727997,12775,24.53,,,,,19.37,14.65,,,,,,,,,,,,,,,,,13.24
District 1,Hawaii,711225,356699,0.49,,,,,13.43,33.17,,,33.86,5.48,,,,,0.4,,,,,,0.34,8.98,2.83
District 1,Idaho,849292,10605,,,,,,32.82,18.43,,,12.38,,,,,,,,,,,,,,
District 1,Illinois,712456,13287,26.91,,,,,32.66,18.31,,,,7.78,,,,,,,,,,,,,
District 1,Indiana,716518,9499,27.48,,,,,18.49,23.1,,,,,,,,,,,,,,,,,
District 1,Iowa,770452,12013,22.29,,,13.77,,18.71,6.77,,,,13.74,,,,,,,,,,,,,
District 1,Kansas,712978,11755,,,,,,25.66,9.88,,,,10.18,,,,,,,,,,,,,19.12
District 1,Kentucky,721011,4231,,,,,,27.11,,,,,,,,,,,,,,,,,,
District 1,Louisiana,798345,17962,17.59,,,,,22.17,10.4,,,,,,,,,,,,,,,,,27.98
District 1,Maine,675074,10147,,,,,,21.67,13.37,,,,,,,,,,,,,,,,,
District 1,Maryland,729888,15474,25.51,,,,,15.9,17.73,,,,17.77,,,,,,,,,,,,,
District 1,Massachusetts,731327,14877,18.63,,,,,22.95,,,,,,,,,,,,,,,,,,14.86
District 1,Michigan,700228,4632,,,,,,26.64,13,,,,10.13,,,,,,,,,,,,,
District 1,Minnesota,670131,17809,12.29,,,,,18.75,,,,,8.52,12.35,,,,,,,,,,,,9.4
District 1,Mississippi,757425,5730,,,,,,,,,,,,,,,,,,,,,,,,
District 1,Missouri,736659,21874,25.82,,,,,26.46,9.07,,,,7.66,,,,,,,,,,,,,15.59
District 1,Nebraska,636147,16468,,,,,,18.03,,,,,7.98,,,,,,,,,,,,,35.72
District 1,Nevada,692075,58009,,,,,,16.41,53.19,,,3.89,5.28,,,,,,,,,,,,3.19,5.57
District 1,New Hampshire,670467,15972,23.95,,,,,15.79,12.2,,,,7.78,,,,,,,,,,,,,
District 1,New Jersey,730635,37620,29.42,,,,,17.28,17.01,,,,8.88,,,,,,,,,,,,,13.28
District 1,New Mexico,691746,16027,12.49,,,,,20.83,14.81,,,,,,,,,,,,,,,,,21.93
District 1,New York,721210,29711,22.8,,,,,31.45,12.31,,,,8.53,,,,,,,,,,,,,
District 1,North Carolina,750304,15042,27.04,,,,,30.04,,,,,,,,,,,,,,,,,,
District 1,Ohio,733390,24679,42.52,,,,,20.29,,,,,,,,,,,,,,,,,,
District 1,Oklahoma,789968,21731,15.88,,,10.86,,12.26,7.09,11.5,,,7.99,,,,,,,,,,,,,16.37
District 1,Oregon,817756,61492,25.23,,,,,17.54,11.15,,,7.24,10.28,,,,,,,,,,,,3.06,12.14
District 1,Pennsylvania,723042,52107,14.64,,,,8.38,35.71,,,,,,,,,,,,,,,,,,14.99
District 1,Rhode Island,532360,19033,23.94,,,,,21.14,,,,,,,,,,,,,,,,,,
District 1,South Carolina,748066,13505,16.21,,,,,25.52,30.38,,,,,,,,,,,,,,,,,
District 1,Tennessee,712059,5152,,,,,,22.79,,,,,,,,,,,,,,,,,,
District 1,Texas,713841,8378,,,,,,,22.34,,,,,,,,,,,,,,,,,
District 1,Utah,740424,10905,,,,,,18.07,19.09,,,12.56,9.46,,,,,,,,,,,,,
District 1,Virginia,776151,24365,18.05,,,,,12.16,15.43,,,,11.84,,,,,,,,,,,,,
District 1,Washington,729667,76861,35.67,,,,,21.73,9.14,,,6.82,8.71,,,,,,,,,,,,2.52,5.11
District 1,West Virginia,615449,5928,29.15,,,,,29.81,,,,,,,,,,,,,,,,,,
District 1,Wisconsin,716303,13099,32.52,,,,,14.31,,,,,,,,,,,,,,,,,,
District 10,California,737719,50577,32.08,,,,9.18,7.61,27.11,,,1.72,,,,,,,,,,,,,,7.02
District 10,Florida,787875,41303,31.46,,,,,12.38,15.63,,,,,,,,,,,,,,,,,16.67
District 10,Georgia,728072,15305,23.53,,,,,17.79,,10.49,,,,,,,,,,,,,,,,
District 10,Illinois,715072,74173,39,,,,,14.35,16.87,,,2.38,17.65,,,,,,,,3.04,,,,,
District 10,Michigan,713551,11873,32.17,,,,,,21.26,,,,,,,,,,,,,,,,,
District 10,New Jersey,754301,54488,35.86,,,,,8.38,36.42,,,,,,,,,,,,5.54,,,,,
District 10,New York,740752,138831,11.98,,,,,63.1,2.4,,,2.68,5.83,,,,,,,,4.84,,,,1.31,1.31
District 10,North Carolina,749120,12280,13.32,,,,,,,28.2,,,,,,,,,,,,,,,,
District 10,Ohio,720851,15890,30.53,,,,,25.95,10.11,,,,6,,,,,,,,,,,,,
District 10,Pennsylvania,699026,6607,,,,,,,,,,,8.75,,,,,,,,,,,,,
District 10,Texas,813505,45530,28,,,,,18.71,,,,,5.27,,,,,,,,,,,,,22.88
District 10,Virginia,813785,114364,39.32,,,,,12.53,8.12,,,1.48,12.58,,,,,,,,6.49,,,,1.85,9.56
District 10,Washington,720357,46924,,,,,11.43,7.77,24.98,,,5.72,20.37,,,,,,,,,,,,3.72,14.59
District 11,California,749531,103627,11.65,,,,,29.76,26.4,,,5.55,6.32,,,,,,,,,,,,3.63,5.64
District 11,Florida,738652,9457,25.92,,,,,,27.77,,,,,,,,,,,,,,,,,
District 11,Georgia,744447,25746,42.79,,,,,12.29,9.76,,,,8.49,,,,,,,,,,,,,
District 11,Illinois,723626,55071,43.91,,,,,12.66,19.46,,,,5.2,,,,,,,,5.64,,,,,
District 11,Michigan,721434,70706,51.05,,,,,18.42,5.49,,,5.93,7.51,,,,,,,,4.13,,,,,2.38
District 11,New Jersey,743033,74043,43.7,,,,,23.54,13.6,,,1.09,8.06,,,,,,,,,,,,,
District 11,New York,733750,100581,11.1,,,,,62.33,5.95,,,,4.64,,,,,,,,8.98,,,,1.19,
District 11,North Carolina,746213,8811,,,,,,,,29.16,,,,,,,,,,,,,,,,
District 11,Ohio,697927,17410,32.07,,,,,32.45,6.05,,,,7.33,,,,,,,,,,,,,
District 11,Pennsylvania,707296,11830,29.51,,,,,18.86,,,,,,,,,,,,,,,,,,
District 11,Texas,753479,8085,,,,,,,22.67,,,,,,,,,,,,,,,,,
District 11,Virginia,787515,142728,24.1,,,,,11.88,7.86,,,1.55,22.54,,,,,,,,7.52,,,1.67,1.54,13.43
District 12,California,752652,241935,6.35,,,,,61.85,11.93,,,3.79,3.61,,,,,,,,,,0.83,0.85,3.05,4.88
District 12,Florida,743356,19578,26.66,,,,,16.44,17.77,,,,,,,,,,,,,,,,,
District 12,Georgia,713701,12229,25.05,,,,,14.99,17.46,,,,,,,,,,,,,,,,,
District 12,Illinois,700568,8291,,,,,,,17.37,,,,,,,,,,,,,,,,,
District 12,Michigan,708323,37764,28.84,,,,,29.96,6.33,,,5.21,10.9,,,,,,,,5.77,,,,,
District 12,New Jersey,757602,125854,58.99,,,,,19.02,6.75,,,1.05,4.95,,,,,,,,3.36,,,,,
District 12,New York,732140,101786,18.86,,,,,34.9,7.71,,,8.86,13.27,,,,,,,,,,1.93,,,1.41
District 12,North Carolina,830510,45962,39.14,,,,,9.27,3.32,,,,4.35,,,,,,,,,,,,,18.6
District 12,Ohio,761758,30311,45.99,,,,,19.99,4.11,,,,,,,,,,,,,,,,,
District 12,Pennsylvania,699504,13071,31.26,,,,,30.53,,,,,,,,,,,,,,,,,,
District 12,Texas,773234,26511,14.05,,,,,6.55,,,,,,,,,,,,,,,,,,25.48
District 13,California,750102,156153,5.88,,,,1.67,47.81,14.76,,,3.99,5.66,2.01,,,,,,,,,1.21,,3.57,9.34
District 13,Florida,717518,24687,17.48,,,,,9.59,19.38,,,,,,,,,,,,,,,,,25.82
District 13,Georgia,740677,19500,33.22,,,,,,,,,,,,,,,,,,,,,,,19.63
District 13,Illinois,706023,26710,22.08,,,,,38.86,9.2,,,,14.97,,,,,,,,,,,,,
District 13,Michigan,681222,9033,37.42,,,,,,,,,,,,,,,,,,,,,,,
District 13,New York,782402,36324,20.02,,,,,34.97,10.52,,,4.65,8.82,,,,,,,,,,,,,
District 13,North Carolina,762411,26006,21.23,,,,,6.31,,,,,,,,,,,,,,,,,,21.08
District 13,Ohio,710834,11984,17.21,,,,,18.22,,,,,,,,,,,,,,,,,,
District 13,Pennsylvania,727631,66798,29.94,,,,,22.82,4.51,,,,14.4,,,,,,,,,,,,,13.1
District 13,Texas,708616,14403,,,,24.31,,,,,,,,,,,,,,,,,,,,19.7
District 14,California,750274,251165,7.49,,,,,44.4,31.87,,,4,2.81,,,,,,,,,,0.85,,2.99,2.61
District 14,Florida,750173,33323,40.02,,,,,13.09,11.4,,,,6.39,,,,,,,,,,,,,13.45
District 14,Georgia,704946,7571,,,,,,,,,,,,,,,,,,,,,,,,
District 14,Illinois,730782,32020,42.6,,,,,13.1,20.41,,,,,,,,,,,,,,,,,
District 14,Michigan,692552,31070,45.33,19.01,,,,7.91,7.61,,,4.68,,,,,,,,,,,,,,
District 14,New York,721690,124072,22.98,12.66,,,,31.68,10.01,,,1.84,5,,,,3.15,,,,4.16,,,,1.44,2.01
District 14,Ohio,718257,14895,42.33,,,,,26.18,,,,,,,,,,,,,,,,,,
District 14,Pennsylvania,701608,22566,26,,,,,35.82,,,,,9.31,,,,,,,,,,,,,
District 14,Texas,737708,22514,21.12,,,,,10.83,14.68,,,,,,,,,,,,,,,,,32.95
District 15,California,764963,248958,30.89,,,,,26.04,23.79,,,2.26,4.4,,,,,,,,1.19,,0.83,0.48,2.36,5.37
District 15,Florida,761327,22764,40.8,,,,,11.29,15.14,,,,,,,,,,,,,,,,,
District 15,Illinois,701048,4825,,,,,,,25.28,,,,,,,,,,,,,,,,,
District 15,New York,758424,14201,29.15,31.46,,,,,,,,,,,,,,,,,,,,,,
District 15,Ohio,749429,17636,26.6,,,,,24.29,7.77,,,,,,,,,,,,,,,,,
District 15,Pennsylvania,722676,19721,35.5,,,,,21.13,6.42,,,,7.92,,,,,,,,,,,,,
District 15,Texas,764749,8151,,,,,,,44.03,,,,,,,,,,,,,,,,,
District 16,California,725356,67145,17.89,,,,5.83,4.16,9.28,40.01,,2.63,,12.12,,,,,,,,,,,,
District 16,Florida,782096,16026,22.01,,,,,15.84,17.73,,,,,,,,,,,,,,,,,21.66
District 16,Illinois,698425,10076,,,,,,16.88,24.04,,,,,,,,,,,,,,,,,
District 16,New York,745855,38638,35.57,,,,,17.37,15.55,,,5.23,7.78,,,,,,,,,,,,,
District 16,Ohio,722933,15657,43.78,,,,,18.69,9.69,,,,,,,,,,,,,,,,,
District 16,Pennsylvania,725929,13591,17.02,,,,,21.18,,,,,5.44,,,,,,,,,,,,,23.01
District 16,Texas,734516,9471,,,,,,,25.68,,,,,,,,,,,,,,,,,
District 17,California,762175,407299,34.25,,,,,28.27,12.88,,,2.67,3.37,,,,,,,,1.25,,1.6,,1.75,11.57
District 17,Florida,743040,9771,23.37,,,,,,24.7,,,,,,,,,,,,,,,,,
District 17,Illinois,694242,10041,22.46,,,,,,12.85,,,,,,,,,,,,,,,,,
District 17,New York,742801,44217,34.24,,,,,23.76,15.92,,,6.71,9.89,,,,,,,,,,,,,
District 17,Pennsylvania,696919,13292,29.49,,,,,,,,,,,,,,,,,,,,,,,
District 17,Texas,750555,35840,26.71,,,,,17.01,6.81,,,,9.73,,,,,,,,,,,,,22.71
District 18,California,735753,166259,23.9,,,,,38.64,7.19,,,7.74,8.11,,,,,,,,,,2.52,,2.3,6.41
District 18,Florida,744294,16609,29.94,,,,,18.44,15.7,,,,,,,,,,,,,,,,,
District 18,Illinois,711884,19198,56.55,,,,,12.65,11.9,,,,,,,,,,,,,,,,,
District 18,New York,723244,22334,27.34,,,,,29.09,11.62,,,,9.11,,,,,,,,,,,,,
District 18,Pennsylvania,704815,14388,44.92,,,,,20.41,,,,,,,,,,,,,,,,,,
District 18,Texas,766074,28544,15.35,,,,,12.72,,,,,,,,,,,,,,,,,,33.56
District 19,California,760615,211902,15.18,,,,1.45,14.22,19.49,,,2.87,1.77,,,,,,,,,,,,3.3,38.64
District 19,Florida,777171,11680,24.35,,,,,19.74,19.68,,,,,,,,,,,,,,,,,
District 19,New York,705473,11802,22.73,,,,,27.83,10.45,,,,10.51,,,,,,,,,,,,,
District 19,Texas,721822,10156,21.11,,,,,18.18,,,,,,,,,,,,,,,,,,
District 2,Alabama,681443,7505,,,,,,19.92,,,,,31.99,,,,,,,,,,,,,
District 2,Arizona,717718,21725,10.12,,,,,24.3,18.84,,,7.16,9.56,,,,,,,,,,,,,16.76
District 2,Arkansas,757113,11803,24.23,,,,,26.58,10.76,,,,,,,,,,,,,,,,,
District 2,California,717270,26854,14.11,,,,,26.24,17.85,,,9.45,6.55,,,,,,,,,,,,3.12,7.86
District 2,Colorado,782425,24631,19.67,,,,,32.24,5.88,,,8.34,9.97,,,,,,,,,,,,,7.73
District 2,Connecticut,708127,23424,26.25,,,,,35.24,9.88,,,,6.78,,,,,,,,,,,,,
District 2,Florida,712695,12126,27.34,,,,,16.86,19.03,,,,,,,,,,,,,,,,,
District 2,Georgia,680145,7830,28.42,,,,,,,,,,17.83,,,,,,,,,,,,,
District 2,Hawaii,710433,183857,,,,,,4.69,50.52,,,31.36,2.39,,,,,0.39,,,,,,,8.18,
District 2,Idaho,808083,12115,,,,,,16.58,16.74,,,,,,,,,,,,,,,,,
District 2,Illinois,704321,5029,,,,,,,,,,,,,,,,,,,,,,,,
District 2,Indiana,722649,8913,21.55,,,,,29.77,,,,,,,,,,,,,,,,,,
District 2,Iowa,777339,18208,20.68,,,2.46,,27.11,,,,,,,,,,,,,,,,,,10.62
District 2,Kansas,714182,11124,24.44,,,,,26.57,12.54,,,,,,,,,,,,,,,,,
District 2,Kentucky,747700,9805,,,,19.7,,,,,,,11.75,,,,,,,,,,,,,
District 2,Louisiana,790128,21102,6.9,,,,,,,,,,,,,,,,,,,,,,,70.31
District 2,Maine,655084,4657,,,,,,35.15,,,,,,,,,,,,,,,,,,
District 2,Maryland,757951,41390,28.42,,,,,13.46,16.47,,,,13.95,,,,,,,,,,,,,
District 2,Massachusetts,744002,40968,31.38,,,,,23.35,,,,,4.99,,,,,,,,,,,,,20.37
District 2,Michigan,729695,16620,11.82,,,,,11.98,,,,,9.43,,,,,,,,,,,,,24.73
District 2,Minnesota,692389,32092,18.37,,,,8.69,9.96,7.05,12.67,,,6.8,5.9,,,,,,,,,,,,19.24
District 2,Mississippi,716972,3715,,,,,,,,,,,,,,,,,,,,,,,,
District 2,Missouri,762444,33546,36.75,,,,,20.89,7.55,,,2.37,6.63,,,,,,,,,,,,,
District 2,Nebraska,652312,21190,26.44,,,16.55,,12.84,5.65,,,,5.51,,,,,,,,,,,,,
District 2,Nevada,702115,27819,11.68,,,,,13.18,43.72,,,5.17,,,,,,,,,,,,,,
District 2,New Hampshire,661381,17341,35.69,,,,,25.38,4.6,,,,6.91,,,,,,,,,,,,,
District 2,New Jersey,726894,29431,29.29,8.58,,,,15.8,13.49,,,,6.72,,,,,,,,,,,,,12.28
District 2,New Mexico,696944,5336,,,,,,,27.55,,,,,,,,,,,,,,,,,
District 2,New York,721061,22669,36.31,,,,,18.36,11.38,,,,7.55,,,,,,,,,,,,,
District 2,North Carolina,806396,14128,33.43,,,,,19.99,15.6,,,,8.61,,,,,,,,,,,,,
District 2,Ohio,726067,9972,37.85,,,,,23.32,,,,,,,,,,,,,,,,,,
District 2,Oklahoma,748004,4397,,,,,,,14.35,19.06,,,,,,,,,,,,,,,,17.53
District 2,Oregon,794957,8178,,,,,,21.99,21.15,,,14.29,,,,,,,,,,,,,,
District 2,Pennsylvania,716385,36846,19.34,,,,,33.34,6.63,,,,10.71,,,,,,,,,,,,,8.28
District 2,Rhode Island,523778,16523,13.73,,,,21.27,28.8,7.11,,,,,,,,,,,,,,,,,
District 2,South Carolina,697001,13249,28.3,,,,,,,,,,14.85,,,,,,,,,,,,,
District 2,Tennessee,732230,11515,23.75,,,,,24.32,9.75,,,,12.62,,,,,,,,,,,,,
District 2,Texas,767312,59074,20.38,,,,,14.95,9.79,,,,4.9,,,,,,,,,,,,,30.85
District 2,Utah,739470,18388,9.38,,,,,21.72,,,,8.46,8.49,,,,,,,,,,,,,
District 2,Virginia,738962,40219,10.08,,,,,12.48,52.97,,,,7.8,,,,,,,,,,,,,7.3
District 2,Washington,715426,60167,10.06,,,,4.79,14.05,22.86,,,5.56,13.51,,,,,,,,,,,,,16.56
District 2,West Virginia,623720,5098,,,,,,,,,,,,,,,,,,,,,,,,
District 2,Wisconsin,747025,31381,21.26,,,,,28.78,4.1,19.58,,,8.15,,,,,,,,,,,,,
District 20,California,734923,38568,10.1,,,,,16.31,39.37,,,10.38,7.99,,,,,,,,,,,,2.74,6.93
District 20,Florida,765067,20370,31.4,,,,,,,,,,,,,,,,,,,,,,,
District 20,New York,727071,36523,32.77,,,,,29.44,7.54,,,,8.05,,,,,,,,8.89,,,,,
District 20,Texas,776926,24590,30.38,,,,,,25.77,,,,,,,,,,,,,,,,,
District 21,California,712221,22573,25.39,,,,,,49.58,,,4.86,,,,,,,,,,,,,,
District 21,Florida,754832,19700,32.22,,,,,19.88,12.93,,,,,,,,,,,,,,,,,
District 21,New York,712223,6951,,,,,,24.17,,,,,,,,,,,,,,,,,,
District 21,Texas,777686,26948,32.57,,,,,20.07,10.01,,,2.63,10.29,,,,,,,,,,,,,7.29
District 22,California,748078,59218,20.32,,,,,9.92,17.94,20.56,,6.61,,8.15,,,,,,,,,,,2.1,5.64
District 22,Florida,742818,24394,36.14,,,,,22.81,9.25,,,,,,,,,,,,,,,,,
District 22,New York,704369,19369,16.59,,,15.52,,20.53,,,,,6.11,,,,,,,,,,,,,10.41
District 22,Texas,844913,151634,35.27,,,,,19.27,10.47,,,,,,,,,,,,9.37,,,,,16.73
District 23,California,738134,38560,24.58,,,,,9.61,35.04,,,,5.87,,,,,,,,,,,,,
District 23,Florida,751320,31168,40.96,,,,,21.56,12.08,,,,,,,,,,,,,,,,,
District 23,New York,706305,17367,20.12,,,,,43.31,,,,,12.76,,,,,,,,,,,,,
District 23,Texas,752067,10173,30.19,,,,,,19.71,,,,,,,,,,,,,,,,,
District 24,California,732284,34337,7.66,,,,,23.43,32.04,,,10.13,9.3,,,,,,,,,,,,3.94,6.5
District 24,Florida,741759,9641,24.47,,,,,20.16,25.86,,,,,,,,,,,,,,,,,
District 24,New York,712307,19777,19.41,,,,,27.92,4.63,,,,7.04,,,,,,,,,,,,,13.29
District 24,Texas,774968,102702,47.54,,,,,8.43,3.95,,,,9.91,,,,4.45,,,,6.03,,,,1.02,9.72
District 25,California,72e4,59434,16.82,,,,,9.82,37.53,,,4.85,16.73,,,,,,,,,,,,2.56,4.44
District 25,Florida,756894,8593,32.65,,,,,,,,,,,,,,,,,,,,,,,
District 25,New York,721651,27348,25,,,,,24.99,,,,,7.1,,,,,,,,,,,,,9.91
District 25,Texas,755821,22400,26.92,,,,,23.33,10.49,,,,11.52,,,,,,,,,,,,,
District 26,California,725161,49587,17.75,,,,,17.87,35,,,8.15,5.9,,,,,,,,,,,,3.19,6.32
District 26,Florida,772867,14251,27.46,,,,,30.01,,,,,,,,,,,,,,,,,,
District 26,New York,715764,28926,27.31,,,,,21.4,3.25,,,,7.91,,,,,,,,,,,,,4.56
District 26,Texas,823749,50217,39.56,,,,,11.59,7.37,,,,9.6,,,,,,,,4.37,,,,,10.5
District 27,California,719377,276702,2.91,,,0.84,1.05,61.55,5.75,,1.24,4.84,4.49,,,,,,,,,,2.66,0.86,3.92,8.88
District 27,Florida,750149,14805,20.99,,,,,35.85,,,,,,,,,,,,,,,,,,
District 27,New York,718095,7698,25.68,,,,,28.31,,,,,13.07,,,,,,,,,,,,,
District 27,Texas,732212,11568,,,,,,14.74,26.35,,,,,,,,,,,,,,,,,22.83
District 28,California,717921,96796,7.53,,,,,12.3,37.03,,,5.99,23.58,,,,,,,,,,,3.87,2.73,2.88
District 28,Texas,742188,7821,,,,,,,30.1,,,,,,,,,,,,,,,,,
District 29,California,721965,56213,6.37,,,,,5.77,57.1,,,4.17,7.73,,,,,,,,,,,6.3,1.9,4.18
District 29,Texas,740295,11817,,,,,,,,,,,,,,,,,,,,,,,,46.88
District 3,Alabama,703772,12013,,,,,,18.66,,,,,35.71,,,,,,,,,,,,,
District 3,Arizona,751029,13150,,,,,,18.55,29.1,,,,,,,,,,,,,,,,,13.73
District 3,Arkansas,782339,22598,27.41,,,,,10.13,9.11,,,,,16.91,,,,,,,,,,,,15.34
District 3,California,730723,81571,22.7,,,,,16.18,29.98,4.48,,4.21,4.22,,,,,,,,,,,,2.11,6.17
District 3,Colorado,731888,5484,,,,,,22.79,20.86,,,,,,,,,,,,,,,,,
District 3,Connecticut,717162,30790,31.73,,,,,26.56,9.98,,,,7.69,,,,,,,,,,,,,
District 3,Florida,720286,24399,22.89,,,,,21.32,20.86,,,,,,,,,,,,,,,,,
District 3,Georgia,721355,13932,31.48,,,,,,9.1,,,,18.81,,,,,,,,,,,,,
District 3,Illinois,724628,31089,14.3,,,,,51.89,15.96,,,,,,,,,,,,,,,,,
District 3,Indiana,736567,15272,20.2,,,22.11,,8.08,6.65,,,,,,,,,,,,,,,,,
District 3,Iowa,811951,25275,21.61,,,,,8.64,,,,,5.66,,,,,,,,,,,,,18.89
District 3,Kansas,754183,33867,33.54,,,,,13.93,,,,,6.84,4.64,,,,,,,,,,,,7.37
District 3,Kentucky,742664,19573,28.82,,,,,11.27,8.18,,,,,,,,,,,,,,,,,15.23
District 3,Louisiana,780962,11823,,,,,,,,,,,,13.23,,,,,,,,,,,,35.55
District 3,Maryland,752897,54576,24,,,,,18.21,12.9,,,,15.76,,,,,,,,5.93,,,,,8.98
District 3,Massachusetts,760993,58984,25.58,,,,27.75,20.41,,,,,3.49,,,,,,,,,,,,,7.9
District 3,Michigan,731521,13880,,,,13.7,,19.61,8.36,,,,10.97,,,,,,,,,,,,,
District 3,Minnesota,703785,50520,30.44,,,,,12.55,3.57,15.81,,,5.52,,,,,,,,,,,,,16.02
District 3,Mississippi,748858,7804,36.81,,,,,,,,,,,,,,,,,,,,,,,
District 3,Missouri,775379,7584,26.41,,,,,,18.5,,,,,,,,,,,,,,,,,
District 3,Nebraska,605462,4550,,,,,,,,,,,,,,,,,,,,,,,,
District 3,Nevada,762236,105617,6.13,,,,,16.93,48.99,,,4.58,7.26,,,,,,,,,,,2.67,3.53,5.16
District 3,New Jersey,737263,27114,40.85,,,,,14.8,20.47,,,,9.54,,,,,,,,,,,,,
District 3,New Mexico,696138,8628,17.62,,,,,17.41,26.07,,,8.89,,,,,,,,,,,,,,
District 3,New York,731138,112604,35.13,,,,,31.31,4.2,,,,17.54,,,,,,,,3.75,,,,,
District 3,North Carolina,754005,11262,,,,15.37,,,23.66,,,,,,,,,,,,,,,,,
District 3,Ohio,770797,30593,24.59,,,,,18.92,,,,,,,,,,,,,,,,,,
District 3,Oklahoma,773867,11263,22.22,,,,,20.71,,,,,,,,,,,,,,,,,,20.75
District 3,Oregon,820929,55687,4.26,,,,,23.29,8.74,,,6.68,4.85,,,,,,,,,,,,3.61,29.75
District 3,Pennsylvania,695002,7139,24.93,,,,,20.48,7.83,,,,9.33,,,,,,,,,,,,,
District 3,South Carolina,677940,5934,,,,,,28.36,,,,,,,,,,,,,,,,,,
District 3,Tennessee,723001,9311,32.52,,,,,16.3,,,,,,,,,,,,,,,,,,
District 3,Texas,816143,119808,44.71,,,,,19.97,5.66,,,,5.97,,,,,,,,5.77,,,,1.5,8.59
District 3,Utah,740511,13811,16.86,,,,,29.53,,,,13.26,13.73,,,,,,,,,,,,,
District 3,Virginia,738417,19048,9.72,,,,,9.88,33.58,,,,11.81,,,,,,,,,,,,,15.54
District 3,Washington,708507,24082,10.02,,,,,18.09,16.38,,,10.57,11.55,3.42,,,,,,,,,,,,14.87
District 3,West Virginia,597674,3070,,,,,,,,,,,,,,,,,,,,,,,,
District 3,Wisconsin,718086,15504,,,,,,12.14,,58.27,,,6.13,,,,,,,,,,,,,
District 30,California,758784,96355,15.71,,,,,12.36,30.41,,,5.68,13.63,,,,,,,,,,,2.69,2.43,8.7
District 30,Texas,760204,14848,,,,,,,14.69,,,,,,,,,,,,,,,,,34.13
District 31,California,740071,57988,11.1,,,,,19.48,27.32,,5.78,,7.94,,,,,,,,,,,,4.02,7.57
District 31,Texas,806513,38760,38.25,,,,,14.97,10.47,,,,12.26,,,,,,,,,,,,,10.94
District 32,California,721884,131134,1.85,,,,,44.63,24.21,,,2.17,2.41,,,,,,,,,,1.71,1.22,4.1,13.12
District 32,Texas,752654,62962,21.03,,,,,13.59,7.98,,,,4.37,,,,,,,,,,,,,33.37
District 33,California,715197,103305,12.09,,,,,25.41,10.97,,,14.7,21.31,,,,,,,,,,2.95,,4.08,3.81
District 33,Texas,727777,16128,16.73,,,,,,,,,,,,,,,,,,,,,,,39.23
District 34,California,728048,142527,2.22,,,,,17.92,23.83,,,3.77,41.47,,,,,,,,,,,1.45,1.95,2.85
District 34,Texas,720989,4440,,,,,,,,,,,,,,,,,,,,,,,,
District 35,California,735165,51637,6.08,,,,,24.42,31.07,,,3.02,6.06,,,,,,,,,,,,3.42,12.05
District 35,Texas,795361,12e3,,,,,,,18.87,,,,,,,,,,,,,,,,,
District 36,California,740835,24699,,,,,,11.98,44.13,,,5.78,,,,,,,,,,,,,,
District 36,Texas,726915,14936,30.49,,,,,11.9,,,,,,,,,,,,,,,,,,18.42
District 37,California,721893,73754,12.16,,,,,25.77,12.05,,,13.71,20.54,,,,,,,,,,2.05,,2.8,3.69
District 38,California,720150,111176,8.75,,,,2.57,17.44,30.9,,,5.46,19.09,,,,,,,,,,1.36,1.85,2.55,7.18
District 39,California,726854,222920,6.77,,,,,36.68,15.74,,,3.55,21.38,,,,,,,,,,3.26,0.77,2.78,5.14
District 4,Alabama,683508,4190,,,,,,,,,,,,,,,,,,,,,,,,
District 4,Arizona,749187,9482,,,,,,,29.43,,,,,,,,,,,,,,,,,
District 4,Arkansas,714749,4392,,,,,,,,,,,,,,,,,,,,,,,,
District 4,California,726653,36141,23.17,,,,,15.95,29.32,,,6.68,6.2,,,,,,,,,,,,,5.94
District 4,Colorado,780344,15045,26.15,,,,,19.61,8.17,,,,,,,,,,,,,,,,,
District 4,Connecticut,738259,39047,38.94,,,,,23.61,9.02,,,4.77,6.41,,,,,,,,,,,,,
District 4,Florida,763855,34998,28.96,,,,,10.67,27.24,,,2.94,,,,,,,,,,,,,,
District 4,Georgia,739094,37631,28.39,,,10.42,,6.15,,,,,,,,,,,,,,,,,,23.34
District 4,Illinois,703303,25093,11.39,,,,,28.42,38.18,,,,6.27,,,,,,,,,,,,,
District 4,Indiana,745099,21635,23.39,,,,,41.11,7.45,,,,8.99,,,,,,,,,,,,,
District 4,Iowa,758360,15682,11.82,,,,,27.73,6.42,,,,,,,,,,,,,,,,,13.77
District 4,Kansas,722477,23992,11.33,,,,,7.59,,,,,,8.19,,,,,,,,,,,,41.21
District 4,Kentucky,749054,8784,29.27,,,,,,,,,,,,,,,,,,,,,,,
District 4,Louisiana,758769,6966,,,,,,,25.05,,,,16.11,,,,,,,,,,,,,
District 4,Maryland,747699,22640,20.64,,,,,12.37,28.78,,,,9.51,,,,,,,,,,,,,
District 4,Massachusetts,751263,44647,26.99,,,,,42.2,,,,5.14,8.95,,,,,,,,,,,,,
District 4,Michigan,700749,7083,24.71,,,,,23.58,,,,,11.59,,,,,,,,,,,,,
District 4,Minnesota,701130,85308,8.36,,,12.19,,8.09,2.15,50.3,,,3.56,,,,,,,,,,,,,6.13
District 4,Mississippi,762965,11610,,,,,,,,,,,,,,,,,,,,,,,,42.89
District 4,Missouri,762923,11625,21.1,,,,,25.54,13.47,,,,12.71,,,,,,,,,,,,,
District 4,Nevada,731299,41057,,,,,,6.18,64.9,,,5.58,5.84,,,,,,,,,,,3.16,,
District 4,New Jersey,741766,31162,35.75,,,,,25.6,16.06,,,,9.68,,,,,,,,,,,,,
District 4,New York,724387,47823,42.96,,,,,21.36,12,,,,5.69,,,,,,,,,,,,,
District 4,North Carolina,825295,69537,44.61,,,,,21.05,3.81,,,2.17,7.26,,,,,,,,,,,,,7.16
District 4,Ohio,711332,6081,26.08,,,,,23.66,,,,,,,,,,,,,,,,,,
District 4,Oklahoma,780488,18400,12.62,,,,,16.73,11.41,,,,13.71,,,,,,,,,,,,,26.42
District 4,Oregon,785159,18450,10.1,,,,,33.56,9.63,,,11.56,15.09,,,,,,,,,,,,,
District 4,Pennsylvania,720275,17674,30.43,,,,,15.1,7.79,,,,9.74,,,,,,,,,,,,,14.76
District 4,South Carolina,708271,17198,22.89,,,,,15.83,,,,,,,,,,,,,,,,,,
District 4,Tennessee,756359,12566,,,,,,,,,,,,26.79,,,,,,,,,,,,
District 4,Texas,728435,7842,,,,,,,19.08,,,,,,,,,,,,,,,,,
District 4,Utah,773536,24441,17.61,,,,,17.77,7.77,,,6.71,,,,,,,,,,,,,,17.57
District 4,Virginia,760613,14243,24.04,,,,,15.72,24.67,,,,11.04,,,,,,,,,,,,,
District 4,Washington,711057,11081,,,,,,15.22,19.39,,,10.62,,,,,,,,,,,,,,
District 4,Wisconsin,715308,27851,9.86,,,,,9.21,3.75,45.82,,,,,,,,,,,,,,,,
District 40,California,714946,18243,,,,,,8.49,36.05,,,,16.44,,,,,,,,,,,,,
District 41,California,747233,42176,11.07,,,,,15.3,29.63,,,,7.9,,,,,,,,,,,,,13.89
District 42,California,777599,72125,10.45,,,,,16.58,33.63,,,2.76,9.06,,,,,,,,,,,,,11.41
District 43,California,726570,93352,7.35,,,,,11.2,20.17,,,24.63,16,,,,,,,,,,,,3.58,9.77
District 44,California,723533,42736,,,,,11.51,3.88,64.51,,,3.63,4.35,,,,,,,,,,,,,4.38
District 45,California,762519,182894,14.38,,,,,25.72,13.35,,,7.3,16.32,,,,,,,,,,3.72,,3.62,10.36
District 46,California,730094,94503,4.6,,,,3.53,7.83,18.35,,,2.92,8.67,,,,,,,,,,,,2.34,47.45
District 47,California,717209,160856,3.84,,,,9.97,6.55,19.42,,,3.44,10.01,,,,,,,,,,,,3.04,39.51
District 48,California,727426,131955,5.2,,,,,11.57,7.68,,,7.19,5.31,,,,,,,,,,,,2.3,55
District 49,California,736520,50443,17.17,,,,,18.39,25.95,,,8.88,8.8,,,,,,,,,,,,,10.46
District 5,Alabama,708691,11842,22.25,,,,,15.74,,,,,18.05,,,,,,,,,,,,,
District 5,Arizona,782680,36219,26.36,,,,,18.38,17.34,,,4.35,8.43,,,,,,,,,,,,,14.8
District 5,California,727704,80645,7.65,,,,,11.89,56.71,,,3.28,2.63,3.6,,,,,,,,,,,2.85,5.9
District 5,Colorado,772116,19407,,,,,,13.97,25.15,,,6.65,23.13,,,,,,,,,,,,,
District 5,Connecticut,715601,27312,36.27,,,,,21.94,,,,,6.5,,,,,,,,,,,,,
District 5,Florida,722646,18691,9.5,,,,,13.16,35.08,,,,,,,,,,,,,,,,,16.64
District 5,Georgia,751264,32250,25.78,,,,,16.63,,,,,11.68,,,,,,,,,,,,,27.11
District 5,Illinois,737064,52063,24.23,,,,,11.14,30.37,,,3.05,8.68,,,,,,,,,,,,,7.94
District 5,Indiana,757787,26294,39.98,,,,,22.64,7.24,,,,8.68,,,,,,,,,,,,,
District 5,Kentucky,706248,2696,,,,,,,,,,,,,,,,,,,,,,,,
District 5,Louisiana,749991,5501,,,,,,,,,,,,,,,,,,,,,,,,
District 5,Maryland,759228,32205,19.28,,,,,19.25,27.65,,,,9.41,,,,,,,,,,,,,
District 5,Massachusetts,760616,85576,26.28,,,,,42.72,2.51,,,3.11,7.41,,,,,,,,,,,,1.57,5.77
District 5,Michigan,682884,6366,36.07,,,,,,,,,,,,,,,,,,,,,,,
District 5,Minnesota,702022,43556,19.04,,,,,13.94,4.13,33.32,,1.74,7.83,,,,,,,,,,,,1.7,7.91
District 5,Missouri,761929,14063,13.74,,,,,14.36,11.69,,,,,,,,,,,,,,,,,25.01
District 5,New Jersey,745615,79290,29.69,,,,,14.32,21.35,,,3.13,23.89,,,,,,,,,,,,,
District 5,New York,784341,109383,61.6,13.24,,,,6,8.17,,,,,,,,,,,,5.61,,,,,
District 5,North Carolina,749093,10670,17.54,,,,,24.23,,,,,,,,,,,,,,,,,,
District 5,Ohio,722212,9523,27.46,,,,,24.8,,,,,,,,,,,,,,,,,,
District 5,Oklahoma,803924,24879,21.25,,,,,10.4,,,,,4.47,,,,,,,,,,,,,36.6
District 5,Oregon,806326,22544,11.03,,,,,25.08,14.44,,,9.44,10.3,,,,,,,,,,,,,13.88
District 5,Pennsylvania,702582,12908,18.66,,,,,44.58,,,,,12.91,,,,,,,,,,,,,
District 5,South Carolina,695549,7903,30.04,,,,,,,,,,,,,,,,,,,,,,,
District 5,Tennessee,758995,24291,23.11,,,,,12.83,,,,,9.61,8.2,,,,,,,,,,,,13.52
District 5,Texas,740618,15285,23.6,,,,,,12.25,,,,,,,,,,,,,,,,,20.12
District 5,Virginia,733693,12871,18.95,,,,,26.49,,,,,11.7,,,,,,,,,,,,,
District 5,Washington,696562,16716,10.5,,,,,24.95,15.63,,,8.8,8.86,,,,,,,,,,,,,13.35
District 5,Wisconsin,720844,19786,44.77,,,,,20.71,,,,,,,,,,,,,,,,,,
District 50,California,744267,42256,6.9,,,,,11.1,43.76,,,6.31,5.91,,,,,,,,,,,,3.18,13.26
District 51,California,730908,60079,,,,,4.27,7.12,54.07,,,2.8,,4.65,,,,,,,,,,,,17.34
District 52,California,754053,150114,15.08,,,,,24.04,26.84,,,4.78,7.76,,,,,,,,,,1.81,,2.53,13.27
District 53,California,761273,102464,,,,,,8.37,59.5,,,4.47,4.52,,,,,,,,,,,,2.8,11.2
District 6,Alabama,698968,11941,25.63,,,,,22.94,,,,,,,,,,,,,,,,,,
District 6,Arizona,762220,36078,43.06,,,,,17.04,13.97,,,,5.36,,,,,,,,,,,,,8.07
District 6,California,743423,115956,12.18,,,,,21.51,15.51,16.6,,5.25,1.94,9.05,,,,,,,,,,,3.03,8.28
District 6,Colorado,792196,47315,23.14,,,,,14.91,6.91,,,4.33,16.53,,,,,,,,,,,,,13.57
District 6,Florida,740950,13419,20.62,,,,,,27.45,,,,,,,,,,,,,,,,,
District 6,Georgia,742017,82078,48.47,,,,,20.71,2.8,,,2.39,10.65,,,,,,,,,,,,,4.11
District 6,Illinois,725875,66416,38.64,,,,,16.75,15.96,,,3.08,7.86,,,,,,,,5.12,,,,,3.61
District 6,Indiana,718307,9997,41.58,,,,,20.4,,,,,,,,,,,,,,,,,,
District 6,Kentucky,757699,14504,24.73,,,,,22.23,10.64,,,11.31,,,,,,,,,,,,,,
District 6,Louisiana,785266,17626,19.41,,,,,18.55,,,,,,,,,,,,,,,,,,38.13
District 6,Maryland,762155,84544,27.45,,,,,29.22,8.47,,,1.36,10.34,,,,,,,,3.71,,,,1.84,6.72
District 6,Massachusetts,762560,32138,30.34,,,,15.69,21.37,,,,,5.53,,,,,,,,,,,,,8.86
District 6,Michigan,713718,11137,29.22,,,,,17.33,13.83,,,,15.34,,,,,,,,,,,,,
District 6,Minnesota,694849,15923,15.95,,,,,9.5,,20.79,,,12.99,,,,,,,,,,,,,13.27
District 6,Missouri,763913,9990,,,,,,22.32,15.41,,,,,,,,,,,,,,,,,
District 6,New Jersey,745204,141648,61.68,,,,,15.51,8.57,,,,3.39,,,,,,,,5.16,,,,,
District 6,New York,742207,296147,10.06,4.08,,,,56.98,6.56,,,0.88,11.7,,,,0.7,,,,2.66,,1.53,,1.36,0.71
District 6,North Carolina,757229,12186,,,,,,,,,,,,,,,,,,,,,,,,21.52
District 6,Ohio,703764,3061,,,,,,,,,,,,,,,,,,,,,,,,
District 6,Pennsylvania,726341,34442,50.57,,,,,19.46,6.91,,,,5.26,,,,,,,,,,,,,
District 6,South Carolina,667841,7580,23.58,,,,,,,,,,,,,,,,,,,,,,,
District 6,Tennessee,746798,6933,32.94,,,,,,,,,,,,,,,,,,,,,,,
District 6,Texas,759949,36019,14.56,,,,,9.08,,,,,,,,,,,,,,,,,,50
District 6,Virginia,746117,14289,20.58,,,,,20.37,11.74,,,6.47,12.92,,,,,,,,,,,,,8.7
District 6,Washington,689399,28552,,,,,,10.65,39.07,,,6.83,13.04,,,,,,,,,,,,,11.61
District 6,Wisconsin,712513,16942,14.97,,,,,,,56.48,,,,,,,,,,,,,,,,
District 7,Alabama,671659,5343,,,,,,,,,,,,,,,,,,,,,,,,
District 7,Arizona,782330,19391,,,,,,10.99,19.37,,,,,,,,,,,,,,,,,24.9
District 7,California,739746,114832,16.41,,,,,20.27,23.67,6,,3.5,4.29,,,,,,,,,,,,3.15,14.49
District 7,Colorado,775383,25346,8.33,,,,,16.75,,11.6,,8.79,5.85,,,,,,,,,,,,,24.69
District 7,Florida,748154,32938,28.12,,,,,19.11,13.6,,,,,,,,,,,,,,,,,15.31
District 7,Georgia,778970,102365,29.95,,,,,13.36,2.7,,,,23.61,,,,,,,,4.23,,,,1.4,15.07
District 7,Illinois,725329,50851,29.54,,,,,40.01,11.5,,,,7.62,,,,,,,,,,,,,
District 7,Indiana,753500,21750,21.92,,,29.42,,15.55,,,,,,,,,,,,,,,,,,
District 7,Maryland,726536,51849,31.32,,,,,17.84,5.47,,,,20.65,,,,,,,,9.46,,,,,4.85
District 7,Massachusetts,781304,78129,15.18,,,,,42.86,2.59,,,2.23,6.06,,,,,,,,,,,,,16.47
District 7,Michigan,703759,6698,24.07,,,,,,,,,,,,,,,,,,,,,,,
District 7,Minnesota,663307,5656,,,,,,15.05,12.2,20.56,,,10.17,,,,,,,,,,,,,
District 7,Missouri,768753,9585,,,,,,19.35,14.17,,,,,,,,,,,,,,,,,
District 7,New Jersey,745147,73529,42.39,,,,,30.52,12.43,,,,5.28,,,,,,,,,,,,,
District 7,New York,750580,141235,11.43,,,,,74.95,3.27,,,1.52,2.31,,,,,,,,,,,,0.82,
District 7,North Carolina,777138,6425,,,,,,,,,,,,,,,,,,,,,,,,
District 7,Ohio,724257,4671,,,,,,,,,,,,,,,,,,,,,,,,
District 7,Pennsylvania,718119,35163,31.7,,,,,22.75,4.97,,,,18.91,,,,,,,,,,,,,7.91
District 7,South Carolina,698776,6625,24.65,,,,,32.8,,,,,,,,,,,,,,,,,,
District 7,Tennessee,752931,14615,36.22,,,,,14.57,14.64,,,,15.95,,,,,,,,,,,,,
District 7,Texas,770276,83013,29.84,,,,,20.95,7.57,,,,5.58,,,,,,,,6.95,,,,,18.66
District 7,Virginia,769141,38778,37.65,,,,,14.29,7.43,,,,7.46,,,,,,,,,,,,,11.75
District 7,Washington,746893,85890,11.97,,,,2.83,26.18,14.01,,,8.32,10.63,,,,,,,,,,1.87,1.57,4.14,12.84
District 7,Wisconsin,707988,11439,,,,,,,6.07,60.45,,,,,,,,,,,,,,,,
District 8,Arizona,761786,27372,23.6,,,,,12.59,23.48,,,,,,,,,,,,,,,,,19.42
District 8,California,719950,22341,,,,,,,33.17,,,,11.32,,,,,,,,,,,,,
District 8,Florida,730040,16122,30.67,,,,,17.6,15.39,,,,,,,,,,,,,,,,,11.51
District 8,Georgia,703499,10715,32.53,,,,,,15.05,,,,,,,,,,,,,,,,,
District 8,Illinois,716738,95012,52.96,,,,,6.54,14.52,,,3.22,6.29,,,,,,,,5.53,,,,,3.19
District 8,Indiana,720806,7382,22.85,,,,,19.28,,,,,,,,,,,,,,,,,,
District 8,Maryland,759725,70387,21.19,,,,,27.15,10.45,,,3.79,12.02,,,,,,,,,,,,,8.83
District 8,Massachusetts,761328,60376,16.52,,,,,49.84,4.62,,,,,,,,,,,,,,,,,15
District 8,Michigan,728626,31677,31.86,,,,,29.65,4.78,,,2.81,12.19,,,,,,,,,,,,,
District 8,Minnesota,663113,5071,,,,,,20.39,15.24,,,,15.2,,,,,,,,,,,,,
District 8,Missouri,743300,4692,,,,,,36.57,,,,,,,,,,,,,,,,,,
District 8,New Jersey,774492,68615,48.57,,,,,20.1,13.25,,,2.11,6.55,,,,,,,,,,,,,
District 8,New York,772709,42613,24.4,,,,,37.53,7.92,,,2.03,4.39,,,,,,,,10.32,,,,,
District 8,North Carolina,772777,17312,24.94,,,,,12.32,13.12,7.42,,,13.35,,,,,,,,,,,,,
District 8,Ohio,725385,13413,33.15,,,,,22.93,,,,,,,,,,,,,,,,,,
District 8,Pennsylvania,709322,35064,47.74,,,,,16.65,7.23,,,,11.82,,,,,,,,,,,,,6.35
District 8,Tennessee,709012,14357,27.32,,,,,22.94,,,,,,,,,,,,,,,,,,
District 8,Texas,807525,22998,22.98,,,,,17.2,14.11,,,,,,,,,,,,,,,,,
District 8,Virginia,787232,89544,17.76,4.51,,,,15.11,11.85,,,2.85,9.36,,,,,,,,10.36,,,2.56,2.02,14.6
District 8,Washington,725674,61096,25.87,,,,,22.46,15.31,,,5.68,9.12,,,,,,,,,,,,3.15,8.98
District 8,Wisconsin,725150,16323,19.92,,,,,,,53.53,,,3.53,,,,,,,,,,,,,
District 9,Arizona,761619,38088,29.98,,,,,25.4,13.2,,,4.28,6.17,,,,,,,,,,,,,8.44
District 9,California,750185,109115,12.86,,,,10.07,10.15,36,7.01,,2.42,,,,,,,,,5.92,,,,3.11,6.57
District 9,Florida,810034,23708,29.42,,,,,,23.89,,,,,,,,,,,,,,,,,
District 9,Georgia,725451,9019,,,,,,,,,,,,,,,,,,,,,,,,22.29
District 9,Illinois,723142,92566,28.02,,,,,13.77,17.96,,,3.93,9.55,,,,,,,,11.26,,,,2.12,5.84
District 9,Indiana,743185,16938,25.8,,,,,28.86,,,,,,,,,,,,,,,,,,
District 9,Massachusetts,735926,10530,,,,,,34.48,,,,,,,,,,,,,,,,,,
District 9,Michigan,717306,30543,33.11,10.35,,,,12.2,14.84,,,,5.72,,,,,,,,,,,,,
District 9,New Jersey,758209,101311,25.8,4.11,,,,12.24,9.2,,,3.75,38.8,,,,,,,,,,,,,
District 9,New York,746279,53916,15.95,,,,,43.65,3.52,,,2.96,3.46,,,,,,,,16.48,,,,,
District 9,North Carolina,772073,19543,44.73,,,,,16.34,6.19,,,,9.34,,,,,,,,,,,,,12.3
District 9,Ohio,710563,10102,19.05,,,,,21.08,,,,,,,,,,,,,,,,,,
District 9,Pennsylvania,694033,4318,,,,,,,,,,,,,,,,,,,,,,,,
District 9,Tennessee,705996,11865,22.61,,,,,,,,,,5.92,,,,,,,,,,,,,21.1
District 9,Texas,780017,91286,17.11,,,,,18.21,9.06,,,,,,,,,,,,4.86,,,,,38.44
District 9,Virginia,714326,9670,23.01,,,,,34.55,,,,,,,,,,,,,,,,,,
District 9,Washington,726425,167453,16.4,,,,2.53,24.01,15.5,,,5.22,9.36,2,,,,,,,,,1.43,,3.68,14.96
Resident Commissioner District (at Large),Puerto Rico,3468963,7789,59.44,,,,,,,,,,,,,,,,,,,,,,,
