District,State,Total Population,Asian Indian,Bangladeshi,Bhutanese,Burmese,Cambodian,Chinese except Taiwanese,Filipino,Hmong,Indonesian,Japanese,Korean,Laotian,Malaysian,Mongolian,Nepalese,Okinawan,Other Asian not specified,Other Asian specified,Pakistani,Sri Lankan,Taiwanese,Thai,Vietnamese
Delegate District (at Large),District of Columbia,672391,8029,,,,,8738,4530,,,2594,3598,,,,,,1390,,,,,,2274
District (at Large),Alaska,738565,,,,,,4285,32773,4220,,4337,6978,,,,,,,,,,,,
District (at Large),Delaware,943732,15995,,,,,9611,6192,,,1370,3044,,,,,,,,,,,,
District (at Large),Montana,1029862,,,,,,2332,4024,,,2069,2048,,,,,,,,,,,,
District (at Large),North Dakota,745475,1930,,,,,2551,3263,,,,,,,,,,,,,,,,
District (at Large),South Dakota,855444,,,,2166,,2412,2475,,,,1547,,,,,,,,,,,,1141
District (at Large),Vermont,624636,1834,,,,,3036,1258,,,781,1614,,,,,,,,,,,,
District (at Large),Wyoming,583200,,,,,,,2925,,,,,,,,,,,,,,,,
District 1,Alabama,702730,,,,,,2043,1685,,,,,,,,,,,,,,,,2956
District 1,Arizona,741377,1445,,,,,3337,4512,,,1883,,,,,,,,,,,,,
District 1,Arkansas,723743,,,,,,,1195,,,,,,,,,,,,,,,,
District 1,California,704958,2363,,,,,3982,5761,5718,,2834,,2256,,,,,,,,,,,
District 1,Colorado,802167,4021,,,,,7304,3461,,,3748,3467,,,,,,,,,,,,7613
District 1,Connecticut,715329,17183,,,,,6761,2646,,,,3053,,,,,,,,,,,,4234
District 1,Florida,748579,2015,,,,,2633,11681,,,3166,3604,,,,,,,,,,,2084,4421
District 1,Georgia,727997,3474,,,,,3142,3671,,,,3504,,,,,,,,,,,,1846
District 1,Hawaii,711225,2860,,,,,120263,188463,,,192470,34942,,,,,4640,1749,,,,,2413,13056
District 1,Idaho,849292,,,,,,4961,4481,,,3139,1385,,,,,,,,,,,,
District 1,Illinois,712456,3917,,,,,4973,3544,,,,1336,,,,,,,,,,,,
District 1,Indiana,716518,2932,,,,,2306,3423,,,,,,,,,,,,,,,,
District 1,Iowa,770452,2805,,,1672,,2703,1876,,,,2194,,,,,,,,,,,,
District 1,Kansas,712978,,,,,,3397,1960,,,,1712,,,,,,,,,,,,2672
District 1,Kentucky,721011,,,,,,1304,1353,,,,,,,,,,,,,,,,
District 1,Louisiana,798345,3528,,,,,4881,2960,,,,,,,,,,,,,,,,5550
District 1,Maine,675074,,,,,1607,2999,2557,,,,,,,,,,,,,,,,1606
District 1,Maryland,729888,4486,,,,,3081,4451,,,,3257,,,,,,,,,,,,
District 1,Massachusetts,731327,3159,,,,,4570,,,,911,,,,,,,,,,,,,2853
District 1,Michigan,700228,908,,,,,1594,1248,,,556,652,,,,,,,,,,,,
District 1,Minnesota,670131,2601,,,,,3752,1664,,,,2237,2907,,,,,,,,,,,1963
District 1,Mississippi,757425,,,,,,,,,,,,,,,,,,,,,,,
District 1,Missouri,736659,6200,,,,,6606,3220,,,,2227,,,,,,1975,,,,,,3926
District 1,Nebraska,636147,,,,,,3246,1996,,,,2177,,,,,,,,,,,,6148
District 1,Nevada,692075,2318,,,,,11749,37781,,,4792,3980,,,,,,,,,,,2232,3974
District 1,New Hampshire,670467,4097,,,,,3276,2848,,,,2140,,,,,,,,,,,,
District 1,New Jersey,730635,11732,,,,,7344,8255,,,,3830,,,,,,,,,,,,5370
District 1,New Mexico,691746,5599,,,,,4731,3891,,,2955,,,,,,,,,,,,,3996
District 1,New York,721210,7599,,,,,10626,4747,,,,2963,,,,,,,,,,,,
District 1,North Carolina,750304,4545,,,,,5104,2906,,,,1890,,,,,,,,,,,,
District 1,Ohio,733390,11022,,,,,5453,,,,,,,,,,,,,,,,,
District 1,Oklahoma,789968,3870,,,2507,,3558,2795,2500,,1189,2390,,,,,,1694,,,,,,3956
District 1,Oregon,817756,16794,,,,,15742,12418,,,9619,8583,,,,,,2078,,,,,,8673
District 1,Pennsylvania,723042,8184,,,,4910,20280,3936,,,,,,,,,,,,,,,,9084
District 1,Rhode Island,532360,4944,,,,2841,4790,2063,,,,,,,,,,,,,,,,
District 1,South Carolina,748066,2355,,,,,4178,6262,,,1857,,,,,,,,,,,,,
District 1,Tennessee,712059,,,,,,1445,1679,,,,,,,,,,,,,,,,
District 1,Texas,713841,,,,,,,2404,,,,,,,,,,,,,,,,
District 1,Utah,740424,,,,,,3060,3904,,,3450,1984,,,,,,,,,,,,
District 1,Virginia,776151,4886,,,,,4409,6750,,,1967,4638,,,,,,2114,,,,,,3625
District 1,Washington,729667,28636,,,,,21108,11972,,,9639,8703,,,,,,,,,,,,5239
District 1,West Virginia,615449,1850,,,,,1945,,,,,,,,,,,,,,,,,
District 1,Wisconsin,716303,4417,,,,,2383,3132,,,,,,,,,,,,,,,,
District 10,California,737719,17501,,,,5476,5870,20361,,,2579,,,,,,,2826,,,,,,4061
District 10,Florida,787875,14526,,,,,7287,8379,,,1520,3266,,,,,,,,,,,,7495
District 10,Georgia,728072,4023,,,,,3127,1886,1735,,,2686,,,,,,,,,,,,
District 10,Illinois,715072,29963,,,,,12003,15429,,,3047,14307,,,,,,,,2427,,,,
District 10,Michigan,713551,4084,,,,,,3695,,,,1852,,,,,,,,,,,,
District 10,New Jersey,754301,20614,,,,,5486,21062,,,,,,,,,,,,3210,,,,
District 10,New York,740752,18351,3704,,,,91393,4998,,,5418,9360,,,,,,4197,,6871,,,,2584
District 10,North Carolina,749120,1893,,,,,,1522,3498,,,,,,,,,,,,,,,
District 10,Ohio,720851,5691,,,,,4455,3295,,,1657,1477,,,,,,,,,,,,2271
District 10,Pennsylvania,699026,1761,,,,,2456,1298,,,,,,,,,,,,,,,,
District 10,Texas,813505,13891,,,,,10469,5590,,,,3124,,,,,,,,,,,,11136
District 10,Virginia,813785,47291,,,,,17493,13641,,,3809,17734,,,,,,6300,,8123,,,,12622
District 10,Washington,720357,3500,,,,6466,7300,20940,,,8540,14774,,,,,,,,,,,1615,7936
District 11,California,749531,13640,,,,,39054,36684,,,11439,8432,,,,,,4183,,,,,,7127
District 11,Florida,738652,2938,,,,,,3912,,,,,,,,,,,,,,,,
District 11,Georgia,744447,11530,,,,,3705,3887,,,,2723,,,,,,,,,,,,
District 11,Illinois,723626,25944,,,,,7994,12880,,,,3591,,,,,,,,3792,,,,
District 11,Michigan,721434,37025,,,,,14297,5406,,,5287,6204,,,,,,1869,,3212,,,,1830
District 11,New Jersey,743033,33753,,,,,19489,12252,,,1786,6843,,,,,,2080,,,,,,
District 11,New York,733750,12560,,,,,64874,7269,,,,5209,,,,,,3967,,9229,,,,1375
District 11,North Carolina,746213,,,,,,,,2606,,,,,,,,,,,,,,,
District 11,Ohio,697927,6281,,,,,6078,1793,,,,1698,,,,,,,,,,,,
District 11,Pennsylvania,707296,3729,,,,,2422,,,,,932,,,,,,,,,,,,1931
District 11,Texas,753479,1601,,,,,,2482,,,,,,,,,,,,,,,,
District 11,Virginia,787515,36538,,,,,20976,15835,,,4440,35563,,,,,,7743,,10932,,,3120,20874
District 12,California,752652,17675,,,,,163181,36281,,,14483,11501,,,,,,3068,,,,2520,2442,15849
District 12,Florida,743356,5803,,,,,4324,4870,,,,2062,,,,,,,,,,,,3230
District 12,Georgia,713701,3419,,,,,2236,3427,,,,3110,,,,,,,,,,,,
District 12,Illinois,700568,,,,,,1586,2888,,,1029,1709,,,,,,,,,,,,
District 12,Michigan,708323,11598,,,,,12782,3478,,,3008,4896,,,,,,3235,,2432,,,,
District 12,New Jersey,757602,76279,,,,,25639,10314,,,2165,6972,,,,,,2308,,4516,,,,
District 12,New York,732140,21586,5047,,,,40021,9893,,,11155,15050,,,,,,3267,,,,2154,,1922
District 12,North Carolina,830510,18858,,,,,5242,2574,,,,2758,,,,,,,,,,,,9494
District 12,Ohio,761758,14729,,,,,7244,2481,,,2646,3177,,,,,,,,,,,,1570
District 12,Pennsylvania,699504,4402,,,,,4822,1739,,,,,,,,,,,,,,,,
District 12,Texas,773234,4145,,,,,2664,6508,,,1118,,3710,,,,,,,,,,,7325
District 13,California,750102,11303,,,,2995,85686,30626,,,12378,10880,3501,,,,,4748,,,,2175,1588,17442
District 13,Florida,717518,4808,,,,,3692,6756,,,1220,1303,,,,,,,,,,,,7086
District 13,Georgia,740677,7087,,,,,,,,,,,,,,,,,,,,,,4145
District 13,Illinois,706023,6300,,,,,11263,3776,,,872,4617,,,,,,,,,,,,
District 13,Michigan,681222,3612,,,,,1650,,,,,,,,,,,,,,,,,
District 13,New York,782402,9075,,,,,14231,5055,,,2620,3492,,,,,,3269,,,,,,
District 13,North Carolina,762411,6281,,,,,1965,,,,,,,,,,,,,,,,,5930
District 13,Ohio,710834,2275,,,,,2482,1472,,,,,,,,,,,,,,,,
District 13,Pennsylvania,727631,20489,,,,4466,16795,4208,,,,10292,,,,,,2004,,,,,,9823
District 13,Texas,708616,,,,3517,,,2372,,,,,,,,,,,,,,,,3276
District 14,California,750274,21113,,,,,124955,92495,,,15882,9333,,,,,,2959,,,,2408,,8866
District 14,Florida,750173,14251,,,,,5789,5370,,,,2638,,,,,,,,,,,,5105
District 14,Georgia,704946,,,,,,,,,,,,,,,,,,,,,,,
District 14,Illinois,730782,14161,,,,,5386,8880,,,,3199,,,,,,,,,,,,
District 14,Michigan,692552,14798,6127,,,,2719,3198,,,1797,1489,,,,,,2472,,,,,,
District 14,New York,721690,30864,16359,,,,41057,13684,,,2859,6466,,,,4195,,4136,,5427,,,,2747
District 14,Ohio,718257,6932,,,,,4673,1848,,,,,,,,,,,,,,,,
District 14,Pennsylvania,701608,6217,,,,,8916,1937,,,1090,2589,,,,,,,,,,,,1590
District 14,Texas,737708,5308,,,,,2795,4102,,,,,,,,,,,,,,,,7785
District 15,California,764963,79253,,,,,75135,70743,,,10502,12461,,,,,,7432,,3200,,2197,1492,15863
District 15,Florida,761327,9848,,,,,3451,5788,,,,,,,,,,,,,,,,
District 15,Illinois,701048,,,,,,1071,2304,,,,797,,,,,,,,,,,,
District 15,New York,758424,4812,4799,,,,2665,,,,,,,,,,,,,,,,,
District 15,Ohio,749429,4932,,,,,4958,2281,,,1684,,,,,,,,,,,,,
District 15,Pennsylvania,722676,7679,,,,,5072,2311,,,,2154,,,,,,,,,,,,2711
District 15,Texas,764749,,,,,,,4293,,,,,,,,,,,,,,,,
District 16,California,725356,12888,,,,4630,3816,9701,27505,,3033,,9073,,,,,,,,,,,
District 16,Florida,782096,3896,,,,,3621,4077,,,,,,,,,,,,,,,,3829
District 16,Illinois,698425,,,,,,2062,3884,,,,1420,,,,,,,,,,,,
District 16,New York,745855,14939,,,,,8859,7001,,,2841,3608,,,,,,,,,,,,
District 16,Ohio,722933,7237,,,,,3551,2635,,,,1651,,,,,,,,,,,,
District 16,Pennsylvania,725929,2680,,,,,3456,,,,,,,,,,,,,,,,,3874
District 16,Texas,734516,1660,,,,,2150,4562,,,,2860,,,,,,,,,,,,
District 17,California,762175,141857,,,,,125300,61381,,,15478,15698,,,,,,4206,,5218,,6840,,51774
District 17,Florida,743040,2705,,,,,,3242,,,,,,,,,,,,,,,,
District 17,Illinois,694242,2589,,,,,1439,2169,,,,,,,,,,,,,,,,
District 17,New York,742801,16446,,,,,12736,8266,,,3759,5247,,,,,,,,,,,,
District 17,Pennsylvania,696919,4198,,,,,3089,3090,,,,,,,,,,,,,,,,
District 17,Texas,750555,10022,,,,,6846,3485,,,1409,4254,,,,,,,,,,,,8653
District 18,California,735753,42265,,,,,73496,17568,,,19370,16146,,,,,,3567,,,,4798,,12476
District 18,Florida,744294,5774,,,,,3726,3846,,,,,,,,,,,,,,,,
District 18,Illinois,711884,11440,,,,,3289,3075,,,,1324,,,,,,,,,,,,
District 18,New York,723244,6944,,,,,8156,3983,,,1650,2707,,,,,,,,,,,,
District 18,Pennsylvania,704815,6942,,,,,3142,1452,,,,,,,,,,,,,,,,
District 18,Texas,766074,4860,,,,,4470,3537,,,,,,,,,,,,,,,,10123
District 19,California,760615,33611,,,,3895,38406,50242,,,10422,5204,,,,,,3333,,,,,,87766
District 19,Florida,777171,3293,,,,,3150,3253,,,,,,,,,,,,,,,,
District 19,New York,705473,3191,,,,,3972,1718,,,1202,1618,,,,,,,,,,,,
District 19,Texas,721822,2361,,,,,2254,2366,,,1104,,,,,,,,,,,,,
District 2,Alabama,681443,,,,,,1778,1576,,,,3204,,,,,,,,,,,,
District 2,Arizona,717718,3097,,,,,6965,7349,,,3799,3552,,,,,,,,,,,,4233
District 2,Arkansas,757113,3009,,,,,3490,2176,,,,,,,,,,,,,,,,
District 2,California,717270,4210,,,,,10698,8511,,,5592,2553,,,,,,,,,,,,2617
District 2,Colorado,782425,5615,,,,,10156,3132,,,3935,3876,,,,,,,,,,,,2306
District 2,Connecticut,708127,6705,,,,,9088,4308,,,,2150,,,,,,,,,,,,
District 2,Florida,712695,3664,,,,,2561,3918,,,1190,1968,,,,,,,,,,,,
District 2,Georgia,680145,2401,,,,,,1661,,,,2391,,,,,,,,,,,,
District 2,Hawaii,710433,1959,,,,,80060,175684,,,122131,14397,,,,,2783,,,,,,,2445
District 2,Idaho,808083,2202,,,,,2995,3933,,,3309,,,,,,,,,,,,,
District 2,Illinois,704321,,,,,,,1987,,,,,,,,,,,,,,,,
District 2,Indiana,722649,2371,,,,,3480,2009,,,,,,,,,,,,,,,,
District 2,Iowa,777339,4207,,,476,,5602,2460,,,,2820,,,,,,,,,,,,2236
District 2,Kansas,714182,2996,,,,,3576,2359,,,,1614,,,,,,,,,,,,
District 2,Kentucky,747700,1530,,,2045,,1298,1313,,,,1979,,,,,,,,,,,,
District 2,Louisiana,790128,1636,,,,,,1488,,,,,,,,,,,,,,,,15424
District 2,Maine,655084,,,,,,2153,1650,,,,797,,,,,,,,,,,,
District 2,Maryland,757951,12449,,,,,6865,9083,,,1491,7008,,,,,,,,,,,,2477
District 2,Massachusetts,744002,13687,,,,,10600,2270,,,1826,2762,,,,,,,,,,,,8779
District 2,Michigan,729695,2242,,,,,2537,2701,,,,2358,2445,,,,,,,,,,,4640
District 2,Minnesota,692389,6500,,,,3230,4323,4219,4496,,1032,3127,2616,,,,,,,,,,,7178
District 2,Mississippi,716972,,,,,,,,,,,,,,,,,,,,,,,
District 2,Missouri,762444,12884,,,,,7787,4035,,,1777,2820,,,,,,,,,,,,3559
District 2,Nebraska,652312,5949,,,3624,,3578,2241,,,1538,1730,,,,,,,,,,,,
District 2,Nevada,702115,3692,,,,,5561,17766,,,3657,2536,,,,,,,,,,,,2137
District 2,New Hampshire,661381,6785,,,,,5237,1535,,,,1716,,,,,,,,,,,,
District 2,New Jersey,726894,9342,2611,,,,6179,5559,,,,2397,,,,,,,,,,,,4558
District 2,New Mexico,696944,,,,,,,2823,,,,,,,,,,,,,,,,
District 2,New York,721061,9321,,,,,5238,3459,,,,2190,,,,,,2096,,,,,,
District 2,North Carolina,806396,5369,,,,,3542,3557,,,,2461,,,,,,,,,,,,
District 2,Ohio,726067,4365,,,,,2706,1504,,,,,,,,,,,,,,,,
District 2,Oklahoma,748004,,,,,,,1276,849,,,479,,,,,,,,,,,,916
District 2,Oregon,794957,,,,,,2983,3759,,,2931,2154,,,,,,,,,,,,
District 2,Pennsylvania,716385,8084,,,,,13843,3613,,,1530,4992,,,,,,,,,,,,4446
District 2,Rhode Island,523778,2514,,,,3823,5245,1909,,,,,,,,,,,,,,,,
District 2,South Carolina,697001,4036,,,,,,2624,,,,2650,,,,,,,,,,,,
District 2,Tennessee,732230,3125,,,,,3356,1866,,,,1726,,,,,,,,,,,,
District 2,Texas,767312,12786,,,,,10464,7579,,,,3518,,,,,,,,6153,,,,19330
District 2,Utah,739470,2192,,,,,5538,3857,,,3761,2321,,,,,,,,,,,,2936
District 2,Virginia,738962,4585,,,,,6459,28224,,,2887,4363,,,,,,,,,,,,3384
District 2,Washington,715426,7076,,,,3628,12081,20214,,,7699,10839,,,,,,,,,,,,11339
District 2,West Virginia,623720,1688,,,,,,1809,,,,,,,,,,,,,,,,
District 2,Wisconsin,747025,7257,,,,,9914,2346,6242,,1676,3299,,,,,,,,,,,,
District 20,California,734923,4436,,,,,8747,20514,,,8109,4469,,,,,,,,,,,966,3357
District 20,Florida,765067,7808,,,,,6083,,,,,,,,,,,,,,,,,3158
District 20,New York,727071,12996,,,,,12011,3700,,,1184,3661,,,,,,1882,,3429,,,,
District 20,Texas,776926,7713,,,,,3530,9204,,,2385,1301,,,,,,,,,,,,
District 21,California,712221,6136,,,,,1614,13487,,,2057,,,,,,,,,,,,,
District 21,Florida,754832,7318,,,,,5180,3157,,,,,,,,,,,,,,,,
District 21,New York,712223,,,,,,2037,1973,,,847,1543,,,,,,,,,,,,
District 21,Texas,777686,9311,,,,,6742,4867,,,1828,4069,,,,,,,,,,,,2371
District 22,California,748078,12555,,,,1867,7192,14645,12717,,6732,2759,5712,,,,,,,,,,,4173
District 22,Florida,742818,9891,,,,,6907,3049,,,,,,,,,,,,,,,,
District 22,New York,704369,3995,,,3204,,4501,1656,,,,1613,,,,,,,,,,,,2255
District 22,Texas,844913,54969,,,,,31632,19244,,,,4092,,,,,,,,14649,,,,28038
District 23,California,738134,10195,,,,,5329,17631,,,2800,2731,,,,,,,,,,,,2839
District 23,Florida,751320,14226,,,,,8421,5240,,,,,,,,,,,,,,,,
District 23,New York,706305,3952,,,,,8177,1478,,,1060,2720,,,,,,,,,,,,
District 23,Texas,752067,3335,,,,,,3653,,,,,,,,,,,,,,,,
District 24,California,732284,3392,,,,,10601,15625,,,6741,4126,,,,,,,,,,,,3042
District 24,Florida,741759,2896,,,,,2711,3138,,,,,,,,,,,,,,,,
District 24,New York,712307,4329,,,,,6288,1714,,,,1799,,,,,,,,,,,,2823
District 24,Texas,774968,50244,,,,,9986,5916,,,3017,11049,,,,4689,,3122,,6558,,,,10745
District 25,California,72e4,10623,,,,,8371,28923,,,5384,11366,,,,,,1907,,,,,,3231
District 25,Florida,756894,3071,,,,,,,,,,,,,,,,,,,,,,
District 25,New York,721651,7512,,,,,8218,2380,,,1162,2523,,,,,,,,,,,,3078
District 25,Texas,755821,6782,,,,,6315,4365,,,,3946,,,,,,,,,,,,
District 26,California,725161,9486,,,,,11802,22440,,,8254,3762,,,,,,,,,,,,3879
District 26,Florida,772867,4675,,,,,5702,2963,,,,,,,,,,,,,,,,
District 26,New York,715764,8527,,,,,6746,1566,,,,2684,,,,,,,,,,,,1530
District 26,Texas,823749,20694,,,,,7354,6456,,,,5859,,,,,,2288,,2379,,,,6500
District 27,California,719377,8958,,,2574,3429,183957,20917,,3994,18154,14574,,,,,,,,,,7788,3036,31007
District 27,Florida,750149,3961,,,,,6734,,,,,,,,,,,,,,,,,
District 27,New York,718095,2295,,,,,2869,,,,,1365,,,,,,,,,,,,
District 27,Texas,732212,,,,,,2058,4098,,,,,,,,,,,,,,,,3346
District 28,California,717921,8523,,,,,16273,41044,,,9492,24218,,,,,,3649,,,,,4211,3506
District 28,Texas,742188,,,,,,,3592,,,,,,,,,,,,,,,,
District 29,California,721965,4062,,,,,4440,35046,,,3566,4947,,,,,,,,,,,3981,2713
District 29,Texas,740295,,,,,,,,,,,,,,,,,,,,,,,5825
District 3,Alabama,703772,2299,,,,,2536,,,,,4571,,,,,,,,,,,,
District 3,Arizona,751029,2123,,,,,3221,6027,,,1263,,,,,,,,,,,,,1977
District 3,Arkansas,782339,6616,,,,,2721,3316,,,,,4232,,,,,,,,,,,3841
District 3,California,730723,19745,,,,,16953,32877,3763,,7459,4884,,,,,,2155,,,,,1597,6133
District 3,Colorado,731888,,,,,,1840,2057,,,1716,,,,,,,,,,,,,
District 3,Connecticut,717162,10731,,,,,9448,3816,,,,2997,,,,,,,,,,,,
District 3,Florida,720286,6447,,,,,6274,7789,,,,,,,,,,,,,,,,3157
District 3,Georgia,721355,4626,,,,,2148,2264,,,1529,3413,,,,,,,,,,,,
District 3,Illinois,724628,4701,,,,,16899,6137,,,,,,,,,,,,,,,,
District 3,Indiana,736567,3425,,,3436,,1636,1552,,,,,,,,,,,,,,,,
District 3,Iowa,811951,5957,,,3376,,2933,2609,,,,2309,,,,,,,,,,,,5373
District 3,Kansas,754183,12033,,,,,6014,3594,,,1766,3066,2169,,,,,,,,,,,2862
District 3,Kentucky,742664,6196,,,,,2636,2258,,,1152,2086,,,,,,,,,,,,3380
District 3,Louisiana,780962,,,,,,,1281,,,,,1719,,,,,,,,,,,4593
District 3,Maryland,752897,14105,,,,,11844,9948,,,2767,10387,,,,,,,,3426,,,,5467
District 3,Massachusetts,760993,15967,,,,17719,14187,,,,1752,2767,,,,,,,,,,,,5160
District 3,Michigan,731521,3009,,,2003,,3256,1878,,,,2048,,,,,,,,,,,,
District 3,Minnesota,703785,16547,,,,,8143,3452,8301,,1825,4013,2973,,,,,,,,,,,8905
District 3,Mississippi,748858,3185,,,,,,,,,,,,,,,,,,,,,,
District 3,Missouri,775379,2165,,,,,,2054,,,,1282,,,,,,,,,,,,
District 3,Nebraska,605462,,,,,,,,,,905,,,,,,,,,,,,,
District 3,Nevada,762236,7263,,,,,24050,64195,,,10010,10192,,,,,,2395,,,,,3782,7112
District 3,New Jersey,737263,12064,,,,,4667,7503,,,,3812,,,,,,,,,,,,
District 3,New Mexico,696138,1657,,,,,2218,3411,,,1877,1224,,,,,,,,,,,,
District 3,New York,731138,41247,,,,,37841,5784,,,2493,20525,,,,,,3619,,4534,,,,
District 3,North Carolina,754005,,,,1778,,,5381,,,2311,,,,,,,,,,,,,
District 3,Ohio,770797,8010,,,,,6759,2871,,,,1931,,,,,,,,,,,,2267
District 3,Oklahoma,773867,2715,,,,,2731,1450,,,1336,,,,,,,,,,,,,2637
District 3,Oregon,820929,3586,,,,,17272,9351,,,8868,4479,4009,,,,,1576,,,,,,18777
District 3,Pennsylvania,695002,1925,,,,,1782,1314,,,,955,,,,,,,,,,,,
District 3,South Carolina,677940,,,,,,2170,1365,,,,,,,,,,,,,,,,
District 3,Tennessee,723001,3317,,,,,1841,,,,,,,,,,,,,,,,,
District 3,Texas,816143,55009,,,,,26683,9050,,,3357,8710,,,,,,2950,,7237,,1758,,11869
District 3,Utah,740511,2629,,,,,6318,3019,,,4261,2612,,,,,,,,,,,,
District 3,Virginia,738417,2156,,,,1261,2780,10170,,,,3279,,,,,,,,,,,,3479
District 3,Washington,708507,3262,,,,,6154,7019,,,5001,4421,1005,,,,,,,,,,,4546
District 3,West Virginia,597674,,,,,,,1013,,,,,,,,,,,,,,,,
District 3,Wisconsin,718086,,,,,,2255,1864,9297,,,,,,,,,,,,,,,
District 30,California,758784,16357,,,,,15456,35074,,,8460,15100,,,,,,5189,,,,,3115,9424
District 30,Texas,760204,,,,,,2702,2997,,,,,,,,,,,,,,,,5301
District 31,California,740071,7148,,,,2429,14553,20915,,4196,3929,5289,,,,,,,,,,,,5553
District 31,Texas,806513,15754,,,,,7323,6895,,,2470,7405,,,,,,,,,,,,5243
District 32,California,721884,3016,,,,1937,64390,37364,,,4807,3608,,,,,,1736,,,,2415,2210,20208
District 32,Texas,752654,14168,,,,,10402,6510,,,,3456,,,,,,,,,,,,22244
District 33,California,715197,14613,,,,,34327,16629,,,22600,25358,,,,,,3322,,,,3469,,5552
District 33,Texas,727777,2881,,,,,,,,,,,,,,,,,,,,,,6483
District 34,California,728048,3789,,,,,28585,36922,,,7002,61034,,,,,,1725,,,,,2391,5260
District 34,Texas,720989,,,,,,,,,,,,,,,,,,,,,,,
District 35,California,735165,3787,,,,,14905,20098,,,2972,3960,,,,,,,,,,,,7195
District 35,Texas,795361,,,,,,2859,3612,,,,2451,,,,,,,,,,,,
District 36,California,740835,,,,,,4240,14463,,,2726,,,,,,,,,,,,,
District 36,Texas,726915,4972,,,,,2305,,,,,,,,,,,,,,,,,2797
District 37,California,721893,10208,,,,,22467,12448,,,13233,17012,,,,,,2513,,,,1656,,3633
District 38,California,720150,10318,,,,3582,22751,39415,,,8050,21839,,,,,,,,,,1625,2528,9387
District 39,California,726854,16057,,,,,89042,41160,,3061,12650,50452,,,,,,1900,,,,7659,2355,13929
District 4,Alabama,683508,,,,,,,,,,,,,,,,,,,,,,,
District 4,Arizona,749187,,,,,,2e3,5355,,,1788,,,,,,,,,,,,,
District 4,Arkansas,714749,,,,,,,,,,,,,,,,,,,,,,,
District 4,California,726653,9345,,,,,8670,14846,,,6042,3684,,,,,,,,,,,,2669
District 4,Colorado,780344,4265,,,,,4328,2926,,,2865,2278,,,,,,,,,,,,1187
District 4,Connecticut,738259,16452,,,,,11465,4933,,,2675,3257,,,,,,,,,,,,
District 4,Florida,763855,10797,,,,,4873,13763,,,1894,2494,,,,,,,,,,,,4290
District 4,Georgia,739094,11428,,,4055,,3033,,,,,,,,,,,,,,,,,9049
District 4,Illinois,703303,3180,,,,,8128,11172,,,1432,1908,,,,,,,,,,,,
District 4,Indiana,745099,5407,,,,,9341,2416,,,,2385,,,,,,,,,,,,
District 4,Iowa,758360,2133,,,,,4596,1640,,,,1830,1873,,,,,,,,,,,2644
District 4,Kansas,722477,2950,,,,,2555,2678,,,1202,1750,2508,,,,,,,,,,,10965
District 4,Kentucky,749054,3027,,,,,,,,,2e3,,,,,,,,,,,,,
District 4,Louisiana,758769,,,,,,,2749,,,,1756,,,,,,,,,,,,
District 4,Maryland,747699,5533,,,,,4218,7868,,,,2979,,,,,,,,,,,,1969
District 4,Massachusetts,751263,13566,,,,,21435,2261,,,3354,5091,,,,,,,,,,,,1756
District 4,Michigan,700749,1989,,,,,2015,1320,,,,1302,,,,,,,,,,,,
District 4,Minnesota,701130,8150,,,11065,,8470,3323,44056,,1939,4484,,,,,,,,,,,,5653
District 4,Mississippi,762965,,,,,,,3641,,,1153,,,,,,,,,,,,,5258
District 4,Missouri,762923,2726,,,,,3463,3375,,,,2311,,,,,,,,,,,,
District 4,Nevada,731299,,,,,,5267,35504,,,5845,4089,,,,,,820,,,,,2054,2191
District 4,New Jersey,741766,11714,,,,,9080,6263,,,,3302,,,,,,,,,,,,
District 4,New York,724387,21890,,,,,11666,6961,,,,2865,,,,,,,,,,,,
District 4,North Carolina,825295,32094,,,,,16600,4252,,,2289,6295,,,,,,,,,,,,5739
District 4,Ohio,711332,1813,,,,,1662,1212,,,1240,,,,,,,,,,,,,
District 4,Oklahoma,780488,2691,,,,,4023,4171,,,2691,4569,,,,,,,,,,,,5510
District 4,Oregon,785159,2349,,,,,8132,4319,,,5099,4088,,,,,,,,,,,,1789
District 4,Pennsylvania,720275,5662,,,,,3236,2153,,,,2354,,,,,,,,,,,,2817
District 4,South Carolina,708271,4293,,,,,3243,2206,,,,,,,,,,,,,,,,
District 4,Tennessee,756359,,,,,,,,,,,,4210,,,,,,,,,,,
District 4,Texas,728435,,,,,,2209,2431,,,,,,,,,,,,,,,,
District 4,Utah,773536,4723,,,,,6750,3547,,,4149,,,,,,,,,,,,,5101
District 4,Virginia,760613,4006,,,,,3130,5905,,,,2797,,,,,,,,,,,,985
District 4,Washington,711057,,,,,,2682,4503,,,2402,,,,,,,,,,,,,
District 4,Wisconsin,715308,3112,,,,,3374,1767,13338,,,,,,,,,,,,,,,
District 40,California,714946,,,,,,2105,7516,,,,3332,,,,,,,,,,,,
District 41,California,747233,5965,,,,,9040,15876,,,3547,4044,,,,,,,,,,,,6885
District 42,California,777599,8473,,,,,15311,33363,,,5584,7788,,,,,,,,,,,,9579
District 43,California,726570,7808,,,,,14863,23850,,,29175,16313,,,,,,,,,,,,9923
District 44,California,723533,,,,,5174,3081,31428,,,2484,2240,,,,,,,,,,,,2228
District 45,California,762519,27941,,,,,55478,31396,,,20374,32729,,,,,,6670,,,,7305,,23292
District 46,California,730094,4731,,,,3827,9247,20239,,,4592,8993,,,,,,,,,,,,46983
District 47,California,717209,7134,,,,18037,14996,37828,,,9242,17293,,,,,,2338,,,,,,66162
District 48,California,727426,8075,,,,,20758,14351,,,14343,9173,,,,,,2536,,,,,,75445
District 49,California,736520,9470,,,,,12589,20446,,,8072,6324,,,,,,,,,,,,6880
District 5,Alabama,708691,2824,,,,,2406,2833,,,,2977,,,,,,,,,,,,
District 5,Arizona,782680,10137,,,,,8473,9069,,,3542,4224,,,,,,,,,,,,6178
District 5,California,727704,7244,,,,,13511,56126,,,5717,2831,3802,,,,,,,,,,,5699
District 5,Colorado,772116,2566,,,,,3780,8860,,,3883,8088,,,,,,,,,,,,2044
District 5,Connecticut,715601,10637,,,,,6834,2839,,,,2113,,,,,,,,,,,,
District 5,Florida,722646,2108,,,,,3289,8535,,,,,,,,,,,,,,,,3351
District 5,Georgia,751264,9468,,,,,6459,1916,,,,4403,,,,,,,,,,,,9336
District 5,Illinois,737064,14504,,,,,8146,19402,,,3168,5923,,,,,,2972,,,,,,4866
District 5,Indiana,757787,10904,,,,,7083,3567,,,,3147,,,,,,,,,,,,
District 5,Kentucky,706248,,,,,,,,,,,,,,,,,,,,,,,
District 5,Louisiana,749991,,,,,,,,,,,,,,,,,,,,,,,
District 5,Maryland,759228,6830,,,,,7454,12158,,,1471,3972,,,,,,,,,,,,
District 5,Massachusetts,760616,23895,,,,,40232,3077,,,4118,7555,,,,,,3373,,,,1205,,5902
District 5,Michigan,682884,2578,,,,,,1766,,,,,,,,,,,,,,,,
District 5,Minnesota,702022,9529,,,,,7666,3026,14816,,1749,4962,2295,,,,,,,,,,,4156
District 5,Missouri,761929,2219,,,,,2789,3037,,,1169,1802,,,,,,,,,,,,4333
District 5,New Jersey,745615,25309,,,,,13087,19140,,,3098,19921,,,,,,,,,,,,
District 5,New York,784341,72859,14974,,,,8246,9643,,,,,,,,,,7437,,6664,,,,
District 5,North Carolina,749093,2167,,,,,2950,2589,,,,,,,,,,,,,,,,
District 5,Ohio,722212,3016,,,,,2725,,,,,,,,,,,,,,,,,
District 5,Oklahoma,803924,5882,,,,,3627,2939,,,1781,2222,,,,,,,,,,,,9889
District 5,Oregon,806326,2875,,,,,7823,6681,,,4571,3555,,,,,,,,,,,,4224
District 5,Pennsylvania,702582,2719,,,,,6413,1251,,,,2226,,,,,,,,,,,,
District 5,South Carolina,695549,2635,,,,,,2039,,,,,,,,,,,,,,,,1447
District 5,Tennessee,758995,6134,,,,,3651,1870,,,,2835,2242,,,,,2826,,,,,,3446
District 5,Texas,740618,3926,,,,,,2597,,,,,,,,,,,,,,,,3391
District 5,Virginia,733693,2935,,,,,4059,1921,,,1087,2246,,,,,,,,,,,,992
District 5,Washington,696562,2137,,,,,5518,5701,,,4016,2587,,,,,,,,,,,,2934
District 5,Wisconsin,720844,9262,,,,,4966,2198,,,1154,1615,,,,,,,,,,,,
District 50,California,744267,3637,,,,,7451,26257,,,6304,3382,,,,,,,,,,,,6653
District 51,California,730908,,,,,3120,5907,38476,,,3440,,3337,,,,,,,,,,,10917
District 52,California,754053,23985,,,,,43103,51770,,,13174,13677,,,,,,2858,,,,3080,,22753
District 53,California,761273,,,,,,12355,74411,,,8964,6437,,,,,,,,,,,,13310
District 6,Alabama,698968,3250,,,,,3456,1221,,,,,,,,,,,,,,,,
District 6,Arizona,762220,16537,,,,,7722,7719,,,2933,2619,,,,,,,,,,,,3391
District 6,California,743423,16084,,,,,29681,25270,20157,,11076,3374,11566,,,,,4463,,,,,,11667
District 6,Colorado,792196,11905,,,,,8570,5669,,,4175,9418,,,,,,2038,,,,,,7247
District 6,Florida,740950,3070,,,,,,4861,,,1358,,,,,,,,,,,,,
District 6,Georgia,742017,40977,,,,,18861,3997,,,2908,9978,,,,,,,,,,,,4062
District 6,Illinois,725875,26641,,,,,12838,12883,,,3163,6583,,,,,,,,3655,,,,2802
District 6,Indiana,718307,4204,,,,,2245,,,,,,,,,,,,,,,,,
District 6,Kentucky,757699,3951,,,,,3630,2556,,,2429,,,,,,,,,,,,,
District 6,Louisiana,785266,3720,,,,,4142,2501,,,,,,,,,,,,,,,,7095
District 6,Maryland,762155,25077,,,,,27620,9206,,,2457,10133,,,,,,2987,,3309,,,,6686
District 6,Massachusetts,762560,10432,,,,5807,8464,,,,,2463,,,,,,,,,,,,3484
District 6,Michigan,713718,3669,,,,,2528,2578,,,,2612,,,,,,,,,,,,
District 6,Minnesota,694849,2785,,,,,2171,1685,3512,,,3295,,,,,,,,,,,,2579
District 6,Missouri,763913,1636,,,,,2741,2730,,,,,,,,,,,,,,,,1893
District 6,New Jersey,745204,89100,,,,,23160,13505,,,744,5138,,,,,,3534,,7609,,,,
District 6,New York,742207,32386,12651,,,,173752,21550,,,3079,36410,,,,2134,,6274,,8292,,4772,,2645
District 6,North Carolina,757229,,,,,,2943,1502,,,,,,,,,,,,,,,,2809
District 6,Ohio,703764,,,,,,,,,,,,,,,,,,,,,,,
District 6,Pennsylvania,726341,18059,,,,,7736,3625,,,,2358,,,,,,852,,,,,,3067
District 6,South Carolina,667841,1985,,,,,,2203,,,,,,,,,,,,,,,,
District 6,Tennessee,746798,2453,,,,,,1337,,,,,,,,,,,,,,,,
District 6,Texas,759949,5698,,,,,3894,3614,,,1249,1767,,,,,,,,,,,,18975
District 6,Virginia,746117,3250,,,,,3364,3265,,,1481,2265,,,,,,,,,,,,1401
District 6,Washington,689399,,,,,,4968,17854,,,5731,6346,,,,,,,,,,,,3867
District 6,Wisconsin,712513,2832,,,,,1676,1558,10123,,,1193,,,,,,,,,,,,
District 7,Alabama,671659,,,,,,1622,,,,,,,,,,,,,,,,,
District 7,Arizona,782330,,,,,,3139,5971,,,,,,,,,,,,,,,,5203
District 7,California,739746,20694,,,,,29224,37429,7325,,9606,6538,4715,,,,,4731,,,,,,19135
District 7,Colorado,775383,2570,,,,,5359,3376,3115,,4036,2448,,,,,,,,,,,,6825
District 7,Florida,748154,10425,,,,,8189,6436,,,,3001,,,,,,,,,,,,5613
District 7,Georgia,778970,32580,,,,,15576,4131,,,,25983,,,,,,2046,,4647,,,,16469
District 7,Illinois,725329,15982,,,,,21667,7088,,,2206,4466,,,,,,,,,,,,
District 7,Indiana,753500,5079,,,6848,,4007,2846,,,1156,,,,,,,,,,,,,
District 7,Maryland,726536,17131,,,,,11097,4084,,,,11630,,,,,,,,5063,,,,3026
District 7,Massachusetts,781304,13412,,,,,37359,2972,,,2995,5691,,,,,,2290,,,,1175,,14125
District 7,Michigan,703759,1953,,,,,,1654,,,,1800,,,,,,,,,,,,
District 7,Minnesota,663307,,,,,,993,1214,1216,,,1238,,,,,,,,,,,,
District 7,Missouri,768753,,,,,,2134,2371,,,,,,,,,,,,,,,,
District 7,New Jersey,745147,32419,,,,,24893,10923,,,,4990,,,,,,,,,,,,
District 7,New York,750580,18112,,,,,109256,5793,,,3197,4163,,,,,,2859,,,,,,2353
District 7,North Carolina,777138,,,,,,,2132,,,,,,,,,,,,,,,,
District 7,Ohio,724257,,,,,,,1277,,,,,,,,,,,,,,,,
District 7,Pennsylvania,718119,12147,,,,,9238,2998,,,1545,7413,,,,,,,,,,,,3162
District 7,South Carolina,698776,1835,,,,,2489,1744,,,,,,,,,,,,,,,,
District 7,Tennessee,752931,5636,,,,,2464,3277,,,,3702,,,,,,,,,,,,
District 7,Texas,770276,25880,,,,,19714,7691,,,,5527,,,,,,4348,,6387,,,,17301
District 7,Virginia,769141,15211,,,,,6995,4978,,,1914,3920,,,,,,,,,,,,5227
District 7,Washington,746893,12174,,,,3090,29694,19452,,,14308,12431,,,,,,,,,,1983,2051,12947
District 7,Wisconsin,707988,,,,,,989,1542,7059,,,766,,,,,,,,,,,,
District 8,Arizona,761786,7326,,,,,4566,9856,,,2644,3100,,,,,,,,,,,,5889
District 8,California,719950,,,,,,4635,11732,,,,2941,,,,,,,,,,,,3490
District 8,Florida,730040,5299,,,,,3789,4765,,,1422,2055,,,,,,,,,,,,2195
District 8,Georgia,703499,3755,,,,,,2384,,,,2127,,,,,,,,,,,,
District 8,Illinois,716738,52235,,,,,7423,16416,,,4019,6697,,,,,,2918,,5995,,,,3571
District 8,Indiana,720806,1993,,,,,1600,,,,,,,,,,,,,,,,,
District 8,Maryland,759725,16867,,,,,22320,9409,,,4506,10337,,,,,,2287,,,,,1705,6932
District 8,Massachusetts,761328,10741,,,,,32966,4218,,,1802,,,,,,,,,,,,,10391
District 8,Michigan,728626,10822,,,,,10655,2722,,,1560,4821,,,,,,,,,,,,1518
District 8,Minnesota,663113,,,,,,1278,1501,,,,1258,,,,,,,,,,,,
District 8,Missouri,743300,,,,,,1795,,,,,,,,,,,,,,,,,
District 8,New Jersey,774492,34504,,,,,15244,11019,,,2182,4937,,,,,,2630,,,,,,
District 8,New York,772709,12246,3402,,,,17587,4067,,,1450,2240,,,,,,,,4507,,,,
District 8,North Carolina,772777,4975,,,,,2956,3991,1317,,1891,3904,,,,,,,,,,,,2395
District 8,Ohio,725385,4777,,,,,3436,1554,,,,1583,,,,,,,,,,,,
District 8,Pennsylvania,709322,17492,,,,,6904,3540,,,,4596,,,,,,,,,,,,2551
District 8,Tennessee,709012,4280,,,,,3817,,,,,,,,,,,,,,,,,
District 8,Texas,807525,5763,,,,,4863,4510,,,,,,,,,,,,,,,,
District 8,Virginia,787232,18079,4306,,,,16711,14401,,,4482,10375,,,,,,5479,,9790,,,2940,14572
District 8,Washington,725674,16519,,,,2038,17045,14921,,,7320,8286,,,,,,,,,,,,6925
District 8,Wisconsin,725150,3408,,,,,,1363,9225,,,844,,,,,,,,,,,,
District 9,Arizona,761619,12159,,,,,12007,8001,,,3575,3689,,,,,,,,,,,,3791
District 9,California,750185,15326,,,,13055,15138,52408,8007,,5238,2460,4312,,,,,3864,,6829,,,,8506
District 9,Florida,810034,7908,,,,,4929,7460,,,,,,,,,,,,,,,,
District 9,Georgia,725451,,,,,,,,,,,1648,,,,,,,,,,,,2407
District 9,Illinois,723142,27654,,,,,15402,19517,,,5603,10077,,,,,,5205,,11072,,,,6208
District 9,Indiana,743185,4793,,,,,5364,2363,,,,2350,,,,,,,,,,,,
District 9,Massachusetts,735926,,,,,,4102,,,,,1450,,,,,,,,,,,,
District 9,Michigan,717306,10998,3517,,,,4260,5950,,,1009,2235,,,,,,,,,,,,
District 9,New Jersey,758209,27242,4234,,,,14055,10926,,,4823,40452,,,,,,3133,,,,,,
District 9,New York,746279,10571,,,,,25948,2964,,,2575,2517,,,,,,3508,,9183,,,,
District 9,North Carolina,772073,9180,,,,,4213,2440,,,,2119,,,,,,,,,,,,2715
District 9,Ohio,710563,2655,,,,,2598,2194,,,,,,,,,,,,,,,,
District 9,Pennsylvania,694033,,,,,,,,,,,,,,,,,,,,,,,
District 9,Tennessee,705996,2852,,,,,,,,,,981,,,,,,,,,,,,2811
District 9,Texas,780017,16335,,,,,17683,9277,,,,,,,,,,,,4589,,,,36627
District 9,Virginia,714326,2519,,,,,3695,1560,,,,1582,,,,,,,,,,,,
District 9,Washington,726425,29109,,,,5283,47250,34198,,,15706,18955,4629,,,,,2897,,,,2729,,28770
Resident Commissioner District (at Large),Puerto Rico,3468963,5667,,,,,,,,,,,,,,,,,,,,,,
