Geography,Total Population,Asian Alone,Asian Alone Share,NHPI Alone,NHPI Alone Share,Asian Alone or Combo,Asian Alone or Combo Share,NHPI Alone or Combo,NHPI Alone or Combo Share
"Abilene, TX Metro Area",169000,2764,1.64,73,0.04,3780,2.24,171,0.1
"Akron, OH Metro Area",703398,19182,2.73,128,0.02,23186,3.3,416,0.06
"Albany, GA Metro Area",153776,1607,1.05,66,0.04,2171,1.41,560,0.36
"Albany, OR Metro Area",121074,1501,1.24,126,0.1,2151,1.78,523,0.43
"Albany-Schenectady-Troy, NY Metro Area",881862,37761,4.28,244,0.03,44159,5.01,1380,0.16
"Albuquerque, NM Metro Area",905049,19411,2.14,729,0.08,31405,3.47,1922,0.21
"Alexandria, LA Metro Area",154385,2126,1.38,7,0,2517,1.63,60,0.04
"Allentown-Bethlehem-Easton, PA-NJ Metro Area",832790,23664,2.84,193,0.02,28550,3.43,859,0.1
"Altoona, PA Metro Area",124736,872,0.7,45,0.04,1177,0.94,58,0.05
"Amarillo, TX Metro Area",261827,8369,3.2,229,0.09,9932,3.79,623,0.24
"Ames, IA Metro Area",95888,7026,7.33,39,0.04,8211,8.56,55,0.06
"Anchorage, AK Metro Area",399360,29128,7.29,7265,1.82,38492,9.64,10366,2.6
"Ann Arbor, MI Metro Area",361509,31505,8.71,151,0.04,37035,10.24,731,0.2
"Anniston-Oxford-Jacksonville, AL Metro Area",115527,1149,0.99,7,0.01,1514,1.31,64,0.06
"Appleton, WI Metro Area",233025,7305,3.13,35,0.02,8301,3.56,235,0.1
"Asheville, NC Metro Area",445625,4916,1.1,365,0.08,6268,1.41,749,0.17
"Athens-Clarke County, GA Metro Area",202780,7206,3.55,42,0.02,8545,4.21,202,0.1
"Atlanta-Sandy Springs-Roswell, GA Metro Area",5700990,319647,5.61,2306,0.04,363017,6.37,7578,0.13
"Atlantic City-Hammonton, NJ Metro Area",272926,22902,8.39,92,0.03,25368,9.29,1013,0.37
"Auburn-Opelika, AL Metro Area",156597,6000,3.83,12,0.01,6639,4.24,71,0.05
"Augusta-Richmond County, GA-SC Metro Area",589519,11378,1.93,699,0.12,15026,2.55,1393,0.24
"Austin-Round Rock, TX Metro Area",2000590,109933,5.5,1290,0.06,131857,6.59,3894,0.19
"Bakersfield, CA Metro Area",878744,41263,4.7,1620,0.18,49903,5.68,4101,0.47
"Baltimore-Columbia-Towson, MD Metro Area",2792050,149640,5.36,1309,0.05,178882,6.41,5196,0.19
"Bangor, ME Metro Area",152284,1621,1.06,28,0.02,2205,1.45,69,0.05
"Barnstable Town, MA Metro Area",213900,3158,1.48,177,0.08,4199,1.96,288,0.13
"Baton Rouge, LA Metro Area",828741,17141,2.07,140,0.02,20145,2.43,569,0.07
"Battle Creek, MI Metro Area",134327,2837,2.11,49,0.04,3682,2.74,139,0.1
"Bay City, MI Metro Area",105350,597,0.57,0,0,909,0.86,12,0.01
"Beaumont-Port Arthur, TX Metro Area",408663,10524,2.58,133,0.03,11948,2.92,297,0.07
"Beckley, WV Metro Area",121699,861,0.71,86,0.07,1100,0.9,151,0.12
"Bellingham, WA Metro Area",212738,8634,4.06,600,0.28,12566,5.91,1443,0.68
"Bend-Redmond, OR Metro Area",175321,2051,1.17,201,0.11,3376,1.93,778,0.44
"Billings, MT Metro Area",167545,989,0.59,147,0.09,1907,1.14,283,0.17
"Binghamton, NY Metro Area",245446,8711,3.55,83,0.03,10354,4.22,141,0.06
"Birmingham-Hoover, AL Metro Area",1144097,15469,1.35,251,0.02,19673,1.72,811,0.07
"Bismarck, ND Metro Area",128673,743,0.58,42,0.03,1017,0.79,78,0.06
"Blacksburg-Christiansburg-Radford, VA Metro Area",181863,6874,3.78,51,0.03,8170,4.49,316,0.17
"Bloomington, IL Metro Area",189407,8789,4.64,66,0.03,10499,5.54,172,0.09
"Bloomington, IN Metro Area",165393,9221,5.58,44,0.03,11157,6.75,172,0.1
"Bloomsburg-Berwick, PA Metro Area",84917,1343,1.58,20,0.02,1461,1.72,77,0.09
"Boise City, ID Metro Area",677346,13263,1.96,1079,0.16,20675,3.05,2912,0.43
"Boston-Cambridge-Newton, MA-NH Metro Area",4771936,359705,7.54,1260,0.03,404545,8.48,7079,0.15
"Boulder, CO Metro Area",316782,14305,4.52,271,0.09,18331,5.79,776,0.24
"Bowling Green, KY Metro Area",169250,4205,2.48,299,0.18,4832,2.85,667,0.39
"Bremerton-Silverdale, WA Metro Area",258903,12510,4.83,2094,0.81,20586,7.95,4388,1.69
"Bridgeport-Stamford-Norwalk, CT Metro Area",947328,48962,5.17,396,0.04,58108,6.13,1577,0.17
"Brownsville-Harlingen, TX Metro Area",420201,2842,0.68,55,0.01,3511,0.84,138,0.03
"Brunswick, GA Metro Area",115939,1203,1.04,85,0.07,1806,1.56,270,0.23
"Buffalo-Cheektowaga-Niagara Falls, NY Metro Area",1136670,34065,3,368,0.03,39966,3.52,1123,0.1
"Burlington, NC Metro Area",157844,2378,1.51,67,0.04,2782,1.76,129,0.08
"Burlington-South Burlington, VT Metro Area",216751,6331,2.92,72,0.03,7766,3.58,378,0.17
"California-Lexington Park, MD Metro Area",110979,3079,2.77,28,0.03,4216,3.8,178,0.16
"Canton-Massillon, OH Metro Area",402098,3160,0.79,84,0.02,4637,1.15,154,0.04
"Cape Coral-Fort Myers, FL Metro Area",700165,10856,1.55,382,0.05,14031,2,1064,0.15
"Cape Girardeau, MO-IL Metro Area",97136,1165,1.2,17,0.02,1524,1.57,193,0.2
"Carbondale-Marion, IL Metro Area",126592,2668,2.11,15,0.01,3572,2.82,107,0.08
"Carson City, NV Metro Area",54219,1326,2.45,78,0.14,1958,3.61,192,0.35
"Casper, WY Metro Area",81023,652,0.8,5,0.01,1013,1.25,221,0.27
"Cedar Rapids, IA Metro Area",266122,5096,1.91,134,0.05,6873,2.58,297,0.11
"Chambersburg-Waynesboro, PA Metro Area",153003,1526,1,60,0.04,1965,1.28,145,0.09
"Champaign-Urbana, IL Metro Area",237849,21609,9.09,132,0.06,24038,10.11,447,0.19
"Charleston, WV Metro Area",219964,2024,0.92,12,0.01,3051,1.39,46,0.02
"Charleston-North Charleston, SC Metro Area",744195,12822,1.72,361,0.05,18810,2.53,875,0.12
"Charlotte-Concord-Gastonia, NC-SC Metro Area",2427024,82910,3.42,1181,0.05,97275,4.01,2857,0.12
"Charlottesville, VA Metro Area",228825,9121,3.99,72,0.03,11162,4.88,263,0.11
"Chattanooga, TN-GA Metro Area",548359,8913,1.63,301,0.05,10810,1.97,599,0.11
"Cheyenne, WY Metro Area",97031,1171,1.21,185,0.19,2152,2.22,459,0.47
"Chicago-Naperville-Elgin, IL-IN-WI Metro Area",9549229,605836,6.34,3346,0.04,690701,7.23,11052,0.12
"Chico, CA Metro Area",225207,10174,4.52,424,0.19,13390,5.95,1346,0.6
"Cincinnati, OH-KY-IN Metro Area",2156723,51027,2.37,1055,0.05,62005,2.87,2311,0.11
"Clarksville, TN-KY Metro Area",278844,5250,1.88,1025,0.37,8459,3.03,2107,0.76
"Cleveland, TN Metro Area",120388,1221,1.01,32,0.03,1368,1.14,55,0.05
"Cleveland-Elyria, OH Metro Area",2062764,44364,2.15,430,0.02,57148,2.77,1629,0.08
"Coeur d'Alene, ID Metro Area",150128,1070,0.71,161,0.11,2470,1.65,722,0.48
"College Station-Bryan, TX Metro Area",248554,13034,5.24,101,0.04,14524,5.84,364,0.15
"Colorado Springs, CO Metro Area",698595,18795,2.69,2798,0.4,30680,4.39,5475,0.78
"Columbia, MO Metro Area",174589,7419,4.25,211,0.12,9426,5.4,393,0.23
"Columbia, SC Metro Area",808377,16173,2,660,0.08,20109,2.49,1148,0.14
"Columbus, GA-AL Metro Area",309979,5893,1.9,511,0.16,8882,2.87,953,0.31
"Columbus, IN Metro Area",81024,5066,6.25,64,0.08,5366,6.62,95,0.12
"Columbus, OH Metro Area",2023695,77475,3.83,713,0.04,91814,4.54,2454,0.12
"Corpus Christi, TX Metro Area",450183,8223,1.83,245,0.05,10276,2.28,624,0.14
"Corvallis, OR Metro Area",88249,5857,6.64,232,0.26,7110,8.06,463,0.52
"Crestview-Fort Walton Beach-Destin, FL Metro Area",261048,6578,2.52,432,0.17,10851,4.16,1394,0.53
"Cumberland, MD-WV Metro Area",100012,695,0.69,24,0.02,1127,1.13,65,0.06
"Dallas-Fort Worth-Arlington, TX Metro Area",7104415,448434,6.31,7130,0.1,509148,7.17,14953,0.21
"Dalton, GA Metro Area",143407,1582,1.1,0,0,1929,1.35,66,0.05
"Danville, IL Metro Area",79207,691,0.87,22,0.03,872,1.1,104,0.13
"Daphne-Fairhope-Foley, AL Metro Area",203360,1405,0.69,0,0,2647,1.3,37,0.02
"Davenport-Moline-Rock Island, IA-IL Metro Area",383141,8207,2.14,71,0.02,10074,2.63,345,0.09
"Dayton, OH Metro Area",800893,16972,2.12,242,0.03,22832,2.85,1158,0.14
"Decatur, AL Metro Area",152445,797,0.52,55,0.04,1160,0.76,55,0.04
"Decatur, IL Metro Area",107587,1223,1.14,5,0,1664,1.55,62,0.06
"Deltona-Daytona Beach-Ormond Beach, FL Metro Area",623675,11983,1.92,213,0.03,15216,2.44,654,0.1
"Denver-Aurora-Lakewood, CO Metro Area",2798684,113426,4.05,3644,0.13,144162,5.15,8918,0.32
"Des Moines-West Des Moines, IA Metro Area",623113,24205,3.88,643,0.1,28294,4.54,1024,0.16
"Detroit-Warren-Dearborn, MI Metro Area",4304613,174968,4.06,1163,0.03,204267,4.75,4396,0.1
"Dothan, AL Metro Area",147790,1005,0.68,22,0.01,1451,0.98,85,0.06
"Dover, DE Metro Area",173145,3484,2.01,89,0.05,5568,3.22,660,0.38
"Dubuque, IA Metro Area",96571,1209,1.25,357,0.37,1552,1.61,393,0.41
"Duluth, MN-WI Metro Area",279205,2839,1.02,82,0.03,3981,1.43,238,0.09
"Durham-Chapel Hill, NC Metro Area",550281,26252,4.77,212,0.04,30963,5.63,758,0.14
"East Stroudsburg, PA Metro Area",167306,3788,2.26,31,0.02,4925,2.94,292,0.17
"Eau Claire, WI Metro Area",165833,4425,2.67,413,0.25,5288,3.19,518,0.31
"El Centro, CA Metro Area",179957,2584,1.44,261,0.15,4372,2.43,454,0.25
"Elizabethtown-Fort Knox, KY Metro Area",150253,2416,1.61,326,0.22,3822,2.54,590,0.39
"Elkhart-Goshen, IN Metro Area",202924,2091,1.03,135,0.07,2806,1.38,304,0.15
"Elmira, NY Metro Area",86883,1388,1.6,10,0.01,1677,1.93,25,0.03
"El Paso, TX Metro Area",838527,9628,1.15,979,0.12,15149,1.81,2500,0.3
"Enid, OK Metro Area",62421,487,0.78,1753,2.81,1063,1.7,1776,2.85
"Erie, PA Metro Area",277794,4487,1.62,59,0.02,5801,2.09,339,0.12
"Eugene, OR Metro Area",363471,9324,2.57,877,0.24,15450,4.25,2661,0.73
"Evansville, IN-KY Metro Area",315263,4056,1.29,275,0.09,5183,1.64,418,0.13
"Fairbanks, AK Metro Area",100031,3132,3.13,535,0.53,4807,4.81,873,0.87
"Fargo, ND-MN Metro Area",232660,5707,2.45,66,0.03,7528,3.24,380,0.16
"Farmington, NM Metro Area",128221,770,0.6,75,0.06,1124,0.88,226,0.18
"Fayetteville, NC Metro Area",385337,9024,2.34,924,0.24,14264,3.7,2329,0.6
"Fayetteville-Springdale-Rogers, AR-MO Metro Area",514166,15143,2.95,6089,1.18,18009,3.5,7327,1.43
"Flagstaff, AZ Metro Area",138639,2590,1.87,196,0.14,3673,2.65,682,0.49
"Flint, MI Metro Area",410881,4288,1.04,168,0.04,5780,1.41,435,0.11
"Florence, SC Metro Area",206109,2105,1.02,84,0.04,2594,1.26,166,0.08
"Florence-Muscle Shoals, AL Metro Area",147025,900,0.61,42,0.03,1187,0.81,160,0.11
"Fond du Lac, WI Metro Area",102082,1424,1.39,12,0.01,1769,1.73,88,0.09
"Fort Collins, CO Metro Area",330976,6797,2.05,299,0.09,10872,3.28,641,0.19
"Fort Smith, AR-OK Metro Area",280705,7134,2.54,98,0.03,8363,2.98,269,0.1
"Fort Wayne, IN Metro Area",429060,13223,3.08,151,0.04,15480,3.61,505,0.12
"Fresno, CA Metro Area",971616,97966,10.08,1947,0.2,110155,11.34,4364,0.45
"Gadsden, AL Metro Area",103132,706,0.68,71,0.07,929,0.9,89,0.09
"Gainesville, FL Metro Area",277056,15282,5.52,169,0.06,17897,6.46,595,0.21
"Gainesville, GA Metro Area",192865,3328,1.73,32,0.02,4255,2.21,199,0.1
"Gettysburg, PA Metro Area",101589,727,0.72,0,0,1184,1.17,52,0.05
"Glens Falls, NY Metro Area",126884,987,0.78,33,0.03,1171,0.92,152,0.12
"Goldsboro, NC Metro Area",124496,1479,1.19,28,0.02,2438,1.96,299,0.24
"Grand Forks, ND-MN Metro Area",101694,2052,2.02,104,0.1,2628,2.58,218,0.21
"Grand Island, NE Metro Area",84596,785,0.93,169,0.2,1017,1.2,173,0.2
"Grand Junction, CO Metro Area",148798,1067,0.72,223,0.15,1929,1.3,521,0.35
"Grand Rapids-Wyoming, MI Metro Area",1039182,26384,2.54,217,0.02,33060,3.18,955,0.09
"Grants Pass, OR Metro Area",84514,547,0.65,5,0.01,1363,1.61,279,0.33
"Great Falls, MT Metro Area",81816,734,0.9,75,0.09,1386,1.69,398,0.49
"Greeley, CO Metro Area",285729,3880,1.36,259,0.09,5757,2.01,872,0.31
"Green Bay, WI Metro Area",315847,8216,2.6,19,0.01,9509,3.01,119,0.04
"Greensboro-High Point, NC Metro Area",751590,26870,3.58,426,0.06,29861,3.97,1177,0.16
"Greenville, NC Metro Area",176484,3056,1.73,61,0.03,4189,2.37,146,0.08
"Greenville-Anderson-Mauldin, SC Metro Area",872463,15157,1.74,620,0.07,18953,2.17,1090,0.12
"Gulfport-Biloxi-Pascagoula, MS Metro Area",388082,9140,2.36,100,0.03,11743,3.03,737,0.19
"Hagerstown-Martinsburg, MD-WV Metro Area",261156,3858,1.48,162,0.06,5193,1.99,562,0.22
"Hammond, LA Metro Area",128850,961,0.75,12,0.01,1122,0.87,32,0.02
"Hanford-Corcoran, CA Metro Area",150183,5694,3.79,367,0.24,7714,5.14,664,0.44
"Harrisburg-Carlisle, PA Metro Area",565008,20586,3.64,78,0.01,24622,4.36,778,0.14
"Harrisonburg, VA Metro Area",131717,2724,2.07,97,0.07,3566,2.71,202,0.15
"Hartford-West Hartford-East Hartford, CT Metro Area",1213123,57120,4.71,284,0.02,65974,5.44,1445,0.12
"Hattiesburg, MS Metro Area",148399,1513,1.02,9,0.01,1912,1.29,59,0.04
"Hickory-Lenoir-Morganton, NC Metro Area",364044,10597,2.91,167,0.05,11511,3.16,485,0.13
"Hilton Head Island-Bluffton-Beaufort, SC Metro Area",206781,2404,1.16,90,0.04,3388,1.64,260,0.13
"Hinesville, GA Metro Area",79977,1536,1.92,358,0.45,2867,3.58,592,0.74
"Homosassa Springs, FL Metro Area",141373,2354,1.67,7,0,2605,1.84,85,0.06
"Hot Springs, AR Metro Area",97994,498,0.51,8,0.01,883,0.9,302,0.31
"Houma-Thibodaux, LA Metro Area",211179,1785,0.85,80,0.04,2566,1.22,334,0.16
"Houston-The Woodlands-Sugar Land, TX Metro Area",6636208,495899,7.47,3899,0.06,546114,8.23,10325,0.16
"Huntington-Ashland, WV-KY-OH Metro Area",360603,2311,0.64,52,0.01,3318,0.92,108,0.03
"Huntsville, AL Metro Area",444908,10199,2.29,403,0.09,13690,3.08,984,0.22
"Idaho Falls, ID Metro Area",140427,1036,0.74,241,0.17,1913,1.36,405,0.29
"Indianapolis-Carmel-Anderson, IN Metro Area",1989032,57466,2.89,542,0.03,67770,3.41,1661,0.08
"Iowa City, IA Metro Area",166520,9107,5.47,170,0.1,10459,6.28,265,0.16
"Ithaca, NY Metro Area",104415,10796,10.34,30,0.03,12636,12.1,239,0.23
"Jackson, MI Metro Area",158989,1189,0.75,40,0.03,1759,1.11,204,0.13
"Jackson, MS Metro Area",578565,6514,1.13,134,0.02,7688,1.33,327,0.06
"Jackson, TN Metro Area",129538,1150,0.89,0,0,1479,1.14,0,0
"Jacksonville, FL Metro Area",1447884,55273,3.82,1231,0.09,70587,4.88,4009,0.28
"Jacksonville, NC Metro Area",192685,4080,2.12,514,0.27,6735,3.5,1157,0.6
"Janesville-Beloit, WI Metro Area",161226,1899,1.18,26,0.02,2674,1.66,226,0.14
"Jefferson City, MO Metro Area",151056,1440,0.95,48,0.03,1787,1.18,302,0.2
"Johnson City, TN Metro Area",200767,2307,1.15,7,0,2689,1.34,158,0.08
"Johnstown, PA Metro Area",135871,675,0.5,22,0.02,1011,0.74,177,0.13
"Jonesboro, AR Metro Area",128344,1207,0.94,154,0.12,1480,1.15,216,0.17
"Joplin, MO Metro Area",176759,2099,1.19,722,0.41,2754,1.56,1193,0.67
"Kahului-Wailuku-Lahaina, HI Metro Area",164180,47618,29,17506,10.66,76741,46.74,43822,26.69
"Kalamazoo-Portage, MI Metro Area",335020,6705,2,122,0.04,9249,2.76,679,0.2
"Kankakee, IL Metro Area",110801,1081,0.98,42,0.04,1501,1.35,116,0.1
"Kansas City, MO-KS Metro Area",2088830,57102,2.73,2896,0.14,71395,3.42,5829,0.28
"Kennewick-Richland, WA Metro Area",279653,6807,2.43,337,0.12,10081,3.6,1288,0.46
"Killeen-Temple, TX Metro Area",432797,11400,2.63,3415,0.79,18270,4.22,5376,1.24
"Kingsport-Bristol-Bristol, TN-VA Metro Area",306745,1539,0.5,119,0.04,2344,0.76,293,0.1
"Kingston, NY Metro Area",180129,3853,2.14,102,0.06,4757,2.64,206,0.11
"Knoxville, TN Metro Area",862490,12591,1.46,431,0.05,15940,1.85,1239,0.14
"Kokomo, IN Metro Area",82457,1041,1.26,33,0.04,1183,1.43,46,0.06
"La Crosse-Onalaska, WI-MN Metro Area",136291,5294,3.88,31,0.02,5982,4.39,164,0.12
"Lafayette, LA Metro Area",487633,8134,1.67,18,0,9407,1.93,230,0.05
"Lafayette-West Lafayette, IN Metro Area",214760,14931,6.95,68,0.03,16142,7.52,199,0.09
"Lake Charles, LA Metro Area",205559,2716,1.32,7,0,3147,1.53,123,0.06
"Lake Havasu City-Kingman, AZ Metro Area",204691,2528,1.24,272,0.13,3524,1.72,824,0.4
"Lakeland-Winter Haven, FL Metro Area",652256,10945,1.68,278,0.04,14242,2.18,807,0.12
"Lancaster, PA Metro Area",536494,11493,2.14,53,0.01,13989,2.61,417,0.08
"Lansing-East Lansing, MI Metro Area",472092,20781,4.4,167,0.04,25126,5.32,683,0.14
"Laredo, TX Metro Area",269624,1407,0.52,25,0.01,1650,0.61,131,0.05
"Las Cruces, NM Metro Area",213849,2094,0.98,45,0.02,3170,1.48,195,0.09
"Las Vegas-Henderson-Paradise, NV Metro Area",2112436,203606,9.64,15583,0.74,251853,11.92,31546,1.49
"Lawrence, KS Metro Area",117806,5717,4.85,11,0.01,6896,5.85,50,0.04
"Lawton, OK Metro Area",129066,2922,2.26,608,0.47,5430,4.21,1269,0.98
"Lebanon, PA Metro Area",137616,1805,1.31,82,0.06,2245,1.63,130,0.09
"Lewiston, ID-WA Metro Area",62273,563,0.9,50,0.08,909,1.46,121,0.19
"Lewiston-Auburn, ME Metro Area",107317,896,0.83,2,0,1524,1.42,72,0.07
"Lexington-Fayette, KY Metro Area",500689,12782,2.55,173,0.03,16415,3.28,364,0.07
"Lima, OH Metro Area",104157,756,0.73,0,0,1195,1.15,2,0
"Lincoln, NE Metro Area",323402,13086,4.05,198,0.06,15472,4.78,578,0.18
"Little Rock-North Little Rock-Conway, AR Metro Area",730346,11743,1.61,522,0.07,15716,2.15,940,0.13
"Logan, UT-ID Metro Area",133408,2541,1.9,450,0.34,3729,2.8,758,0.57
"Longview, TX Metro Area",216934,2029,0.94,64,0.03,2520,1.16,195,0.09
"Longview, WA Metro Area",103590,1355,1.31,219,0.21,2458,2.37,643,0.62
"Los Angeles-Long Beach-Anaheim, CA Metro Area",13261538,2081686,15.7,37311,0.28,2312404,17.44,75046,0.57
"Louisville/Jefferson County, KY-IN Metro Area",1278203,24367,1.91,544,0.04,30742,2.41,1476,0.12
"Lubbock, TX Metro Area",309722,6388,2.06,200,0.06,8107,2.62,390,0.13
"Lynchburg, VA Metro Area",258995,3902,1.51,94,0.04,4947,1.91,233,0.09
"Macon-Bibb County, GA Metro Area",229966,3489,1.52,42,0.02,4275,1.86,260,0.11
"Madera, CA Metro Area",154440,3303,2.14,224,0.15,4341,2.81,551,0.36
"Madison, WI Metro Area",640072,30353,4.74,248,0.04,35568,5.56,729,0.11
"Manchester-Nashua, NH Metro Area",406371,15423,3.8,139,0.03,18406,4.53,581,0.14
"Manhattan, KS Metro Area",98884,3917,3.96,164,0.17,4828,4.88,265,0.27
"Mankato-North Mankato, MN Metro Area",99244,1952,1.97,12,0.01,2611,2.63,46,0.05
"Mansfield, OH Metro Area",121533,952,0.78,31,0.03,1173,0.97,74,0.06
"McAllen-Edinburg-Mission, TX Metro Area",839539,8295,0.99,187,0.02,9636,1.15,367,0.04
"Medford, OR Metro Area",212070,2545,1.2,612,0.29,4577,2.16,1359,0.64
"Memphis, TN-MS-AR Metro Area",1344058,26928,2,577,0.04,32360,2.41,1735,0.13
"Merced, CA Metro Area",267390,20224,7.56,456,0.17,23476,8.78,1574,0.59
"Miami-Fort Lauderdale-West Palm Beach, FL Metro Area",6019790,147824,2.46,2336,0.04,181614,3.02,9989,0.17
"Michigan City-La Porte, IN Metro Area",110839,646,0.58,38,0.03,961,0.87,61,0.06
"Midland, MI Metro Area",83489,1862,2.23,77,0.09,2216,2.65,186,0.22
"Midland, TX Metro Area",165430,3102,1.88,84,0.05,3890,2.35,245,0.15
"Milwaukee-Waukesha-West Allis, WI Metro Area",1575101,55344,3.51,436,0.03,64327,4.08,1850,0.12
"Minneapolis-St. Paul-Bloomington, MN-WI Metro Area",3526149,225377,6.39,1346,0.04,261632,7.42,5433,0.15
"Missoula, MT Metro Area",114231,1639,1.43,39,0.03,2679,2.35,129,0.11
"Mobile, AL Metro Area",414328,8127,1.96,54,0.01,9354,2.26,187,0.05
"Modesto, CA Metro Area",535684,29488,5.5,3670,0.69,36941,6.9,5826,1.09
"Monroe, LA Metro Area",178970,1624,0.91,79,0.04,1810,1.01,91,0.05
"Monroe, MI Metro Area",149619,946,0.63,10,0.01,1330,0.89,25,0.02
"Montgomery, AL Metro Area",373507,6544,1.75,94,0.03,8818,2.36,399,0.11
"Morgantown, WV Metro Area",137475,3466,2.52,29,0.02,4138,3.01,128,0.09
"Morristown, TN Metro Area",116352,957,0.82,22,0.02,1028,0.88,69,0.06
"Mount Vernon-Anacortes, WA Metro Area",121725,2098,1.72,417,0.34,3866,3.18,1203,0.99
"Muncie, IN Metro Area",115938,1563,1.35,115,0.1,1932,1.67,302,0.26
"Muskegon, MI Metro Area",172707,909,0.53,21,0.01,1662,0.96,90,0.05
"Myrtle Beach-Conway-North Myrtle Beach, SC-NC Metro Area",432772,4581,1.06,427,0.1,6214,1.44,590,0.14
"Napa, CA Metro Area",141005,11150,7.91,297,0.21,13592,9.64,1121,0.8
"Naples-Immokalee-Marco Island, FL Metro Area",356774,4552,1.28,0,0,5801,1.63,77,0.02
"Nashville-Davidson--Murfreesboro--Franklin, TN Metro Area",1830410,47672,2.6,1089,0.06,58178,3.18,2843,0.16
"New Bern, NC Metro Area",125953,2983,2.37,120,0.1,3819,3.03,323,0.26
"New Haven-Milford, CT Metro Area",862127,34047,3.95,168,0.02,40016,4.64,655,0.08
"New Orleans-Metairie, LA Metro Area",1260660,36976,2.93,362,0.03,41726,3.31,1002,0.08
"New York-Newark-Jersey City, NY-NJ-PA Metro Area",20192042,2195326,10.87,7917,0.04,2392576,11.85,30731,0.15
"Niles-Benton Harbor, MI Metro Area",154948,3050,1.97,67,0.04,3807,2.46,244,0.16
"North Port-Sarasota-Bradenton, FL Metro Area",768381,13771,1.79,456,0.06,17117,2.23,896,0.12
"Norwich-New London, CT Metro Area",270772,11210,4.14,61,0.02,14387,5.31,851,0.31
"Ocala, FL Metro Area",343778,5129,1.49,222,0.06,7105,2.07,426,0.12
"Ocean City, NJ Metro Area",94549,906,0.96,75,0.08,1292,1.37,190,0.2
"Odessa, TX Metro Area",155744,1681,1.08,26,0.02,2011,1.29,62,0.04
"Ogden-Clearfield, UT Metro Area",642274,9522,1.48,2724,0.42,16941,2.64,5230,0.81
"Oklahoma City, OK Metro Area",1353504,42609,3.15,1035,0.08,54486,4.03,2608,0.19
"Olympia-Tumwater, WA Metro Area",269885,15406,5.71,2254,0.84,21760,8.06,4077,1.51
"Omaha-Council Bluffs, NE-IA Metro Area",914190,24104,2.64,593,0.06,30608,3.35,1792,0.2
"Orlando-Kissimmee-Sanford, FL Metro Area",2390859,100762,4.21,1945,0.08,125982,5.27,6451,0.27
"Oshkosh-Neenah, WI Metro Area",169540,4430,2.61,47,0.03,5403,3.19,83,0.05
"Owensboro, KY Metro Area",117319,1385,1.18,0,0,1710,1.46,0,0
"Oxnard-Thousand Oaks-Ventura, CA Metro Area",847834,60986,7.19,1658,0.2,76917,9.07,4517,0.53
"Palm Bay-Melbourne-Titusville, FL Metro Area",568183,13843,2.44,421,0.07,18907,3.33,1377,0.24
"Panama City, FL Metro Area",196135,4287,2.19,86,0.04,6050,3.08,508,0.26
"Parkersburg-Vienna, WV Metro Area",91816,470,0.51,40,0.04,709,0.77,85,0.09
"Pensacola-Ferry Pass-Brent, FL Metro Area",476702,12286,2.58,720,0.15,19683,4.13,2081,0.44
"Peoria, IL Metro Area",377258,8874,2.35,59,0.02,10623,2.82,301,0.08
"Philadelphia-Camden-Wilmington, PA-NJ-DE-MD Metro Area",6065644,349026,5.75,1977,0.03,393569,6.49,8251,0.14
"Phoenix-Mesa-Scottsdale, AZ Metro Area",4561038,171001,3.75,10322,0.23,218000,4.78,21894,0.48
"Pine Bluff, AR Metro Area",93590,547,0.58,0,0,769,0.82,11,0.01
"Pittsburgh, PA Metro Area",2348143,51988,2.21,840,0.04,63204,2.69,2375,0.1
"Pittsfield, MA Metro Area",127751,2096,1.64,42,0.03,2676,2.09,156,0.12
"Pocatello, ID Metro Area",84113,1145,1.36,192,0.23,1801,2.14,397,0.47
"Portland-South Portland, ME Metro Area",525776,8777,1.67,48,0.01,12289,2.34,448,0.09
"Portland-Vancouver-Hillsboro, OR-WA Metro Area",2382037,151011,6.34,11722,0.49,197577,8.29,23772,1
"Port St. Lucie, FL Metro Area",454482,7662,1.69,495,0.11,10149,2.23,673,0.15
"Prescott, AZ Metro Area",220972,2122,0.96,67,0.03,3292,1.49,244,0.11
"Providence-Warwick, RI-MA Metro Area",1613154,47797,2.96,1055,0.07,57714,3.58,3309,0.21
"Provo-Orem, UT Metro Area",587190,8628,1.47,4486,0.76,15347,2.61,9547,1.63
"Pueblo, CO Metro Area",163368,1443,0.88,141,0.09,2667,1.63,345,0.21
"Punta Gorda, FL Metro Area",173236,2044,1.18,61,0.04,3296,1.9,172,0.1
"Racine, WI Metro Area",195101,2370,1.21,55,0.03,3142,1.61,179,0.09
"Raleigh, NC Metro Area",1273985,67721,5.32,524,0.04,78200,6.14,1580,0.12
"Rapid City, SD Metro Area",143711,1571,1.09,91,0.06,2586,1.8,258,0.18
"Reading, PA Metro Area",415500,5848,1.41,118,0.03,7402,1.78,518,0.12
"Redding, CA Metro Area",178919,5310,2.97,153,0.09,7144,3.99,845,0.47
"Reno, NV Metro Area",449442,23979,5.34,2689,0.6,32336,7.19,5594,1.24
"Richmond, VA Metro Area",1270158,47052,3.7,563,0.04,58229,4.58,2112,0.17
"Riverside-San Bernardino-Ontario, CA Metro Area",4476222,294863,6.59,13523,0.3,363995,8.13,30149,0.67
"Roanoke, VA Metro Area",313069,6641,2.12,171,0.05,8310,2.65,432,0.14
"Rochester, MN Metro Area",214485,9149,4.27,25,0.01,11154,5.2,79,0.04
"Rochester, NY Metro Area",1080653,31002,2.87,413,0.04,37578,3.48,1436,0.13
"Rockford, IL Metro Area",341150,7943,2.33,82,0.02,10039,2.94,464,0.14
"Rocky Mount, NC Metro Area",148157,944,0.64,49,0.03,1287,0.87,127,0.09
"Rome, GA Metro Area",96471,1484,1.54,0,0,1743,1.81,52,0.05
"Sacramento--Roseville--Arden-Arcade, CA Metro Area",2268005,292442,12.89,18137,0.8,355175,15.66,32888,1.45
"Saginaw, MI Metro Area",193803,2357,1.22,12,0.01,2957,1.53,100,0.05
"St. Cloud, MN Metro Area",194660,3764,1.93,33,0.02,4877,2.51,319,0.16
"St. George, UT Metro Area",155577,1078,0.69,1287,0.83,2258,1.45,2230,1.43
"St. Joseph, MO-KS Metro Area",127137,973,0.77,289,0.23,1591,1.25,449,0.35
"St. Louis, MO-IL Metro Area",2804998,68455,2.44,943,0.03,85544,3.05,3038,0.11
"Salem, OR Metro Area",410119,8139,1.98,3054,0.74,12295,3,4635,1.13
"Salinas, CA Metro Area",433168,24867,5.74,2038,0.47,33309,7.69,3962,0.91
"Salisbury, MD-DE Metro Area",394925,6901,1.75,334,0.08,8199,2.08,630,0.16
"Salt Lake City, UT Metro Area",1170057,43544,3.72,17264,1.48,55617,4.75,24378,2.08
"San Angelo, TX Metro Area",118498,1421,1.2,45,0.04,1910,1.61,201,0.17
"San Antonio-New Braunfels, TX Metro Area",2377507,56425,2.37,2595,0.11,75996,3.2,7157,0.3
"San Diego-Carlsbad, CA Metro Area",3283665,384154,11.7,14182,0.43,467696,14.24,32483,0.99
"San Francisco-Oakland-Hayward, CA Metro Area",4641820,1172482,25.26,33709,0.73,1324985,28.54,61157,1.32
"San Jose-Sunnyvale-Santa Clara, CA Metro Area",1969897,673160,34.17,7562,0.38,730543,37.09,15684,0.8
"San Luis Obispo-Paso Robles-Arroyo Grande, CA Metro Area",280119,10276,3.67,280,0.1,14265,5.09,948,0.34
"Santa Cruz-Watsonville, CA Metro Area",273263,12547,4.59,261,0.1,17515,6.41,1399,0.51
"Santa Fe, NM Metro Area",147514,1855,1.26,142,0.1,2664,1.81,189,0.13
"Santa Maria-Santa Barbara, CA Metro Area",442996,23927,5.4,732,0.17,31248,7.05,2373,0.54
"Santa Rosa, CA Metro Area",500943,19605,3.91,1677,0.33,28698,5.73,4429,0.88
"Savannah, GA Metro Area",377476,8345,2.21,411,0.11,11492,3.04,994,0.26
"Scranton--Wilkes-Barre--Hazleton, PA Metro Area",557942,9277,1.66,103,0.02,11258,2.02,283,0.05
"Seattle-Tacoma-Bellevue, WA Metro Area",3735216,479337,12.83,32653,0.87,589375,15.78,55789,1.49
"Sebastian-Vero Beach, FL Metro Area",147981,1822,1.23,0,0,2646,1.79,20,0.01
"Sebring, FL Metro Area",100177,1552,1.55,13,0.01,1758,1.75,123,0.12
"Sheboygan, WI Metro Area",115094,6176,5.37,7,0.01,6598,5.73,94,0.08
"Sherman-Denison, TX Metro Area",126146,1677,1.33,75,0.06,2064,1.64,185,0.15
"Shreveport-Bossier City, LA Metro Area",443974,5142,1.16,317,0.07,7247,1.63,529,0.12
"Sierra Vista-Douglas, AZ Metro Area",126516,2298,1.82,507,0.4,4181,3.3,1053,0.83
"Sioux City, IA-NE-SD Metro Area",168647,3819,2.26,282,0.17,4648,2.76,421,0.25
"Sioux Falls, SD Metro Area",250564,4089,1.63,90,0.04,5453,2.18,490,0.2
"South Bend-Mishawaka, IN-MI Metro Area",320010,6236,1.95,292,0.09,8201,2.56,728,0.23
"Spartanburg, SC Metro Area",325504,6712,2.06,90,0.03,7851,2.41,306,0.09
"Spokane-Spokane Valley, WA Metro Area",547688,11502,2.1,2437,0.44,18363,3.35,4705,0.86
"Springfield, IL Metro Area",210550,3869,1.84,123,0.06,4885,2.32,172,0.08
"Springfield, MA Metro Area",630385,18935,3,230,0.04,23703,3.76,974,0.15
"Springfield, MO Metro Area",455133,6065,1.33,363,0.08,8693,1.91,950,0.21
"Springfield, OH Metro Area",135520,858,0.63,98,0.07,1368,1.01,224,0.17
"State College, PA Metro Area",160646,9661,6.01,70,0.04,10897,6.78,128,0.08
"Staunton-Waynesboro, VA Metro Area",120283,845,0.7,114,0.09,1309,1.09,191,0.16
"Stockton-Lodi, CA Metro Area",724153,109359,15.1,4233,0.58,130599,18.03,9447,1.3
"Sumter, SC Metro Area",107379,1277,1.19,34,0.03,1978,1.84,113,0.11
"Syracuse, NY Metro Area",659262,19541,2.96,161,0.02,23461,3.56,868,0.13
"Tallahassee, FL Metro Area",377674,9981,2.64,96,0.03,12481,3.3,523,0.14
"Tampa-St. Petersburg-Clearwater, FL Metro Area",2978209,99217,3.33,2080,0.07,123130,4.13,5785,0.19
"Terre Haute, IN Metro Area",170642,2294,1.34,44,0.03,2957,1.73,249,0.15
"Texarkana, TX-AR Metro Area",149889,1106,0.74,81,0.05,1709,1.14,254,0.17
"The Villages, FL Metro Area",116754,892,0.76,40,0.03,1250,1.07,132,0.11
"Toledo, OH Metro Area",605204,10082,1.67,198,0.03,13331,2.2,640,0.11
"Topeka, KS Metro Area",233382,2365,1.01,155,0.07,3577,1.53,397,0.17
"Trenton, NJ Metro Area",373362,40012,10.72,130,0.03,43195,11.57,692,0.19
"Tucson, AZ Metro Area",1007257,27969,2.78,1582,0.16,40753,4.05,3920,0.39
"Tulsa, OK Metro Area",977869,22293,2.28,762,0.08,27810,2.84,1924,0.2
"Tuscaloosa, AL Metro Area",239589,3174,1.32,77,0.03,3730,1.56,192,0.08
"Tyler, TX Metro Area",222277,3516,1.58,231,0.1,4129,1.86,243,0.11
"Urban Honolulu, HI Metro Area",990060,424558,42.88,92743,9.37,604770,61.08,242496,24.49
"Utica-Rome, NY Metro Area",295267,9653,3.27,152,0.05,10961,3.71,251,0.09
"Valdosta, GA Metro Area",143969,2300,1.6,59,0.04,3067,2.13,160,0.11
"Vallejo-Fairfield, CA Metro Area",434981,66432,15.27,3818,0.88,81877,18.82,7618,1.75
"Victoria, TX Metro Area",99028,1008,1.02,60,0.06,1496,1.51,245,0.25
"Vineland-Bridgeton, NJ Metro Area",154952,2081,1.34,11,0.01,3148,2.03,148,0.1
"Virginia Beach-Norfolk-Newport News, VA-NC Metro Area",1717708,65031,3.79,1716,0.1,89923,5.24,5306,0.31
"Visalia-Porterville, CA Metro Area",458809,16081,3.5,629,0.14,20705,4.51,1822,0.4
"Waco, TX Metro Area",263009,3860,1.47,99,0.04,4960,1.89,335,0.13
"Walla Walla, WA Metro Area",63861,1027,1.61,67,0.1,1811,2.84,302,0.47
"Warner Robins, GA Metro Area",188764,4855,2.57,23,0.01,6052,3.21,223,0.12
"Washington-Arlington-Alexandria, DC-VA-MD-WV Metro Area",6090196,605691,9.95,3714,0.06,710301,11.66,13354,0.22
"Waterloo-Cedar Falls, IA Metro Area",170055,3041,1.79,321,0.19,3611,2.12,471,0.28
"Watertown-Fort Drum, NY Metro Area",116567,1792,1.54,329,0.28,2772,2.38,599,0.51
"Wausau, WI Metro Area",135293,7698,5.69,36,0.03,8320,6.15,169,0.12
"Weirton-Steubenville, WV-OH Metro Area",120337,501,0.42,51,0.04,837,0.7,157,0.13
"Wenatchee, WA Metro Area",115723,1087,0.94,131,0.11,1871,1.62,520,0.45
"Wheeling, WV-OH Metro Area",143801,660,0.46,44,0.03,979,0.68,66,0.05
"Wichita, KS Metro Area",642339,23301,3.63,260,0.04,27796,4.33,1122,0.17
"Wichita Falls, TX Metro Area",150940,2880,1.91,51,0.03,4315,2.86,259,0.17
"Williamsport, PA Metro Area",115398,704,0.61,12,0.01,1001,0.87,42,0.04
"Wilmington, NC Metro Area",277496,3159,1.14,215,0.08,4854,1.75,613,0.22
"Winchester, VA-WV Metro Area",134712,1810,1.34,90,0.07,2647,1.96,159,0.12
"Winston-Salem, NC Metro Area",658195,10971,1.67,486,0.07,13415,2.04,932,0.14
"Worcester, MA-CT Metro Area",934923,40171,4.3,195,0.02,46617,4.99,1198,0.13
"Yakima, WA Metro Area",248279,2472,1,193,0.08,4418,1.78,662,0.27
"York-Hanover, PA Metro Area",442216,6417,1.45,175,0.04,7786,1.76,318,0.07
"Youngstown-Warren-Boardman, OH-PA Metro Area",548821,3693,0.67,67,0.01,5541,1.01,576,0.1
"Yuba City, CA Metro Area",170227,19388,11.39,839,0.49,23568,13.85,1871,1.1
"Yuma, AZ Metro Area",204281,2662,1.3,131,0.06,3859,1.89,661,0.32